[{"EVENT-NO-TRIP":496758,"VELOCITY":20,"METERS":1134,"OPD-DATE":"04-Jul-2020"},
{"EVENT-NO-TRIP":232775,"VELOCITY":13,"METERS":429,"OPD-DATE":"21-Jul-2020"},
{"EVENT-NO-TRIP":290173,"VELOCITY":10,"METERS":4787,"OPD-DATE":"25-Dec-2020"},
{"EVENT-NO-TRIP":141454,"VELOCITY":15,"METERS":2623,"OPD-DATE":"17-Mar-2020"},
{"EVENT-NO-TRIP":350205,"VELOCITY":32,"METERS":3561,"OPD-DATE":"29-Sep-2020"},
{"EVENT-NO-TRIP":219226,"VELOCITY":30,"METERS":3145,"OPD-DATE":"26-Apr-2020"},
{"EVENT-NO-TRIP":162948,"VELOCITY":3,"METERS":1019,"OPD-DATE":"16-Jun-2020"},
{"EVENT-NO-TRIP":285538,"VELOCITY":17,"METERS":3057,"OPD-DATE":"29-Jan-2020"},
{"EVENT-NO-TRIP":315873,"VELOCITY":50,"METERS":2485,"OPD-DATE":"22-Jul-2020"},
{"EVENT-NO-TRIP":14554,"VELOCITY":42,"METERS":3819,"OPD-DATE":"17-Jan-2021"},
{"EVENT-NO-TRIP":287621,"VELOCITY":6,"METERS":1173,"OPD-DATE":"20-Apr-2020"},
{"EVENT-NO-TRIP":344514,"VELOCITY":28,"METERS":1757,"OPD-DATE":"30-Apr-2020"},
{"EVENT-NO-TRIP":264946,"VELOCITY":18,"METERS":4372,"OPD-DATE":"20-Dec-2020"},
{"EVENT-NO-TRIP":245250,"VELOCITY":34,"METERS":2530,"OPD-DATE":"22-Jul-2020"},
{"EVENT-NO-TRIP":65663,"VELOCITY":29,"METERS":630,"OPD-DATE":"23-Apr-2020"},
{"EVENT-NO-TRIP":141676,"VELOCITY":44,"METERS":2306,"OPD-DATE":"29-Apr-2020"},
{"EVENT-NO-TRIP":53854,"VELOCITY":3,"METERS":920,"OPD-DATE":"30-Dec-2020"},
{"EVENT-NO-TRIP":208381,"VELOCITY":25,"METERS":2383,"OPD-DATE":"03-Oct-2020"},
{"EVENT-NO-TRIP":231277,"VELOCITY":19,"METERS":4605,"OPD-DATE":"08-Dec-2020"},
{"EVENT-NO-TRIP":207627,"VELOCITY":42,"METERS":3065,"OPD-DATE":"04-Jul-2020"},
{"EVENT-NO-TRIP":374341,"VELOCITY":22,"METERS":2092,"OPD-DATE":"26-May-2020"},
{"EVENT-NO-TRIP":455776,"VELOCITY":47,"METERS":1552,"OPD-DATE":"12-Feb-2020"},
{"EVENT-NO-TRIP":259010,"VELOCITY":42,"METERS":87,"OPD-DATE":"19-Mar-2020"},
{"EVENT-NO-TRIP":480115,"VELOCITY":1,"METERS":4940,"OPD-DATE":"20-Jan-2021"},
{"EVENT-NO-TRIP":435033,"VELOCITY":33,"METERS":792,"OPD-DATE":"11-Dec-2020"},
{"EVENT-NO-TRIP":449508,"VELOCITY":47,"METERS":2212,"OPD-DATE":"02-Sep-2020"},
{"EVENT-NO-TRIP":218334,"VELOCITY":47,"METERS":1491,"OPD-DATE":"18-Oct-2020"},
{"EVENT-NO-TRIP":383050,"VELOCITY":10,"METERS":958,"OPD-DATE":"18-Oct-2020"},
{"EVENT-NO-TRIP":28961,"VELOCITY":24,"METERS":1329,"OPD-DATE":"14-Mar-2020"},
{"EVENT-NO-TRIP":332205,"VELOCITY":11,"METERS":2437,"OPD-DATE":"07-Oct-2020"},
{"EVENT-NO-TRIP":449021,"VELOCITY":4,"METERS":3699,"OPD-DATE":"17-Jan-2021"},
{"EVENT-NO-TRIP":203377,"VELOCITY":28,"METERS":3989,"OPD-DATE":"03-Apr-2020"},
{"EVENT-NO-TRIP":315179,"VELOCITY":43,"METERS":94,"OPD-DATE":"08-Mar-2020"},
{"EVENT-NO-TRIP":128329,"VELOCITY":12,"METERS":517,"OPD-DATE":"20-Jul-2020"},
{"EVENT-NO-TRIP":91050,"VELOCITY":7,"METERS":246,"OPD-DATE":"30-May-2020"},
{"EVENT-NO-TRIP":21797,"VELOCITY":19,"METERS":3684,"OPD-DATE":"31-May-2020"},
{"EVENT-NO-TRIP":434685,"VELOCITY":32,"METERS":1760,"OPD-DATE":"01-Sep-2020"},
{"EVENT-NO-TRIP":417594,"VELOCITY":24,"METERS":1476,"OPD-DATE":"09-Dec-2020"},
{"EVENT-NO-TRIP":293358,"VELOCITY":46,"METERS":1248,"OPD-DATE":"11-Dec-2020"},
{"EVENT-NO-TRIP":307124,"VELOCITY":33,"METERS":3632,"OPD-DATE":"18-Sep-2020"},
{"EVENT-NO-TRIP":361304,"VELOCITY":25,"METERS":750,"OPD-DATE":"29-Oct-2020"},
{"EVENT-NO-TRIP":27326,"VELOCITY":48,"METERS":2623,"OPD-DATE":"02-Jan-2021"},
{"EVENT-NO-TRIP":202156,"VELOCITY":5,"METERS":204,"OPD-DATE":"28-May-2020"},
{"EVENT-NO-TRIP":487297,"VELOCITY":31,"METERS":41,"OPD-DATE":"13-Jan-2021"},
{"EVENT-NO-TRIP":160332,"VELOCITY":39,"METERS":980,"OPD-DATE":"18-Jul-2020"},
{"EVENT-NO-TRIP":405648,"VELOCITY":37,"METERS":2640,"OPD-DATE":"15-Feb-2020"},
{"EVENT-NO-TRIP":7036,"VELOCITY":26,"METERS":95,"OPD-DATE":"15-Jul-2020"},
{"EVENT-NO-TRIP":451115,"VELOCITY":27,"METERS":3350,"OPD-DATE":"29-Jun-2020"},
{"EVENT-NO-TRIP":438603,"VELOCITY":40,"METERS":1592,"OPD-DATE":"28-Oct-2020"},
{"EVENT-NO-TRIP":276478,"VELOCITY":49,"METERS":3638,"OPD-DATE":"31-Mar-2020"},
{"EVENT-NO-TRIP":330099,"VELOCITY":15,"METERS":3755,"OPD-DATE":"08-Mar-2020"},
{"EVENT-NO-TRIP":265496,"VELOCITY":47,"METERS":84,"OPD-DATE":"09-Aug-2020"},
{"EVENT-NO-TRIP":442660,"VELOCITY":3,"METERS":3448,"OPD-DATE":"20-Jul-2020"},
{"EVENT-NO-TRIP":197045,"VELOCITY":41,"METERS":968,"OPD-DATE":"23-Apr-2020"},
{"EVENT-NO-TRIP":112488,"VELOCITY":24,"METERS":2623,"OPD-DATE":"22-Mar-2020"},
{"EVENT-NO-TRIP":117508,"VELOCITY":19,"METERS":954,"OPD-DATE":"13-Dec-2020"},
{"EVENT-NO-TRIP":234541,"VELOCITY":41,"METERS":2611,"OPD-DATE":"11-May-2020"},
{"EVENT-NO-TRIP":248208,"VELOCITY":20,"METERS":1487,"OPD-DATE":"23-Mar-2020"},
{"EVENT-NO-TRIP":304785,"VELOCITY":20,"METERS":1157,"OPD-DATE":"11-Dec-2020"},
{"EVENT-NO-TRIP":462754,"VELOCITY":28,"METERS":4756,"OPD-DATE":"21-May-2020"},
{"EVENT-NO-TRIP":314448,"VELOCITY":35,"METERS":1181,"OPD-DATE":"03-Aug-2020"},
{"EVENT-NO-TRIP":425931,"VELOCITY":24,"METERS":1525,"OPD-DATE":"07-Apr-2020"},
{"EVENT-NO-TRIP":137651,"VELOCITY":15,"METERS":3659,"OPD-DATE":"13-Feb-2020"},
{"EVENT-NO-TRIP":234499,"VELOCITY":30,"METERS":3128,"OPD-DATE":"10-Dec-2020"},
{"EVENT-NO-TRIP":164897,"VELOCITY":24,"METERS":4076,"OPD-DATE":"17-Oct-2020"},
{"EVENT-NO-TRIP":92713,"VELOCITY":23,"METERS":1713,"OPD-DATE":"05-Mar-2020"},
{"EVENT-NO-TRIP":62663,"VELOCITY":10,"METERS":2367,"OPD-DATE":"15-Jul-2020"},
{"EVENT-NO-TRIP":212936,"VELOCITY":39,"METERS":224,"OPD-DATE":"31-Jan-2020"},
{"EVENT-NO-TRIP":156999,"VELOCITY":43,"METERS":2974,"OPD-DATE":"04-Aug-2020"},
{"EVENT-NO-TRIP":331800,"VELOCITY":15,"METERS":4023,"OPD-DATE":"07-Jul-2020"},
{"EVENT-NO-TRIP":174134,"VELOCITY":38,"METERS":964,"OPD-DATE":"24-Jan-2020"},
{"EVENT-NO-TRIP":482658,"VELOCITY":44,"METERS":3283,"OPD-DATE":"07-Apr-2020"},
{"EVENT-NO-TRIP":423640,"VELOCITY":18,"METERS":2451,"OPD-DATE":"21-Sep-2020"},
{"EVENT-NO-TRIP":8461,"VELOCITY":10,"METERS":3841,"OPD-DATE":"04-May-2020"},
{"EVENT-NO-TRIP":341933,"VELOCITY":49,"METERS":1315,"OPD-DATE":"31-Mar-2020"},
{"EVENT-NO-TRIP":439167,"VELOCITY":30,"METERS":3903,"OPD-DATE":"09-Nov-2020"},
{"EVENT-NO-TRIP":426286,"VELOCITY":49,"METERS":2557,"OPD-DATE":"16-Nov-2020"},
{"EVENT-NO-TRIP":94900,"VELOCITY":23,"METERS":4001,"OPD-DATE":"05-Oct-2020"},
{"EVENT-NO-TRIP":317338,"VELOCITY":14,"METERS":2594,"OPD-DATE":"07-May-2020"},
{"EVENT-NO-TRIP":29327,"VELOCITY":30,"METERS":3543,"OPD-DATE":"09-Sep-2020"},
{"EVENT-NO-TRIP":91014,"VELOCITY":10,"METERS":4555,"OPD-DATE":"14-Sep-2020"},
{"EVENT-NO-TRIP":368434,"VELOCITY":30,"METERS":4789,"OPD-DATE":"15-Sep-2020"},
{"EVENT-NO-TRIP":307900,"VELOCITY":14,"METERS":1723,"OPD-DATE":"15-May-2020"},
{"EVENT-NO-TRIP":446401,"VELOCITY":5,"METERS":1592,"OPD-DATE":"08-Feb-2020"},
{"EVENT-NO-TRIP":253152,"VELOCITY":29,"METERS":3927,"OPD-DATE":"09-Feb-2020"},
{"EVENT-NO-TRIP":203257,"VELOCITY":31,"METERS":2211,"OPD-DATE":"23-Nov-2020"},
{"EVENT-NO-TRIP":208349,"VELOCITY":28,"METERS":4687,"OPD-DATE":"20-Nov-2020"},
{"EVENT-NO-TRIP":373919,"VELOCITY":24,"METERS":1254,"OPD-DATE":"24-Jan-2020"},
{"EVENT-NO-TRIP":487680,"VELOCITY":22,"METERS":1269,"OPD-DATE":"12-Dec-2020"},
{"EVENT-NO-TRIP":414725,"VELOCITY":2,"METERS":901,"OPD-DATE":"22-Sep-2020"},
{"EVENT-NO-TRIP":276989,"VELOCITY":32,"METERS":2448,"OPD-DATE":"26-Oct-2020"},
{"EVENT-NO-TRIP":470861,"VELOCITY":23,"METERS":625,"OPD-DATE":"09-Nov-2020"},
{"EVENT-NO-TRIP":62234,"VELOCITY":50,"METERS":3808,"OPD-DATE":"08-Aug-2020"},
{"EVENT-NO-TRIP":47183,"VELOCITY":42,"METERS":3216,"OPD-DATE":"11-May-2020"},
{"EVENT-NO-TRIP":197964,"VELOCITY":18,"METERS":4734,"OPD-DATE":"30-Mar-2020"},
{"EVENT-NO-TRIP":346533,"VELOCITY":34,"METERS":2771,"OPD-DATE":"12-Sep-2020"},
{"EVENT-NO-TRIP":301488,"VELOCITY":4,"METERS":4748,"OPD-DATE":"09-May-2020"},
{"EVENT-NO-TRIP":423285,"VELOCITY":40,"METERS":1743,"OPD-DATE":"23-Jan-2020"},
{"EVENT-NO-TRIP":473144,"VELOCITY":29,"METERS":661,"OPD-DATE":"05-Mar-2020"},
{"EVENT-NO-TRIP":255112,"VELOCITY":2,"METERS":708,"OPD-DATE":"05-Feb-2020"},
{"EVENT-NO-TRIP":402034,"VELOCITY":6,"METERS":4350,"OPD-DATE":"26-Aug-2020"},
{"EVENT-NO-TRIP":401051,"VELOCITY":50,"METERS":4656,"OPD-DATE":"23-Nov-2020"},
{"EVENT-NO-TRIP":89705,"VELOCITY":29,"METERS":191,"OPD-DATE":"12-Jan-2021"},
{"EVENT-NO-TRIP":411785,"VELOCITY":46,"METERS":3868,"OPD-DATE":"18-Aug-2020"},
{"EVENT-NO-TRIP":33288,"VELOCITY":41,"METERS":1238,"OPD-DATE":"28-Feb-2020"},
{"EVENT-NO-TRIP":183924,"VELOCITY":16,"METERS":333,"OPD-DATE":"17-May-2020"},
{"EVENT-NO-TRIP":484176,"VELOCITY":10,"METERS":935,"OPD-DATE":"21-Aug-2020"},
{"EVENT-NO-TRIP":194292,"VELOCITY":38,"METERS":2856,"OPD-DATE":"22-May-2020"},
{"EVENT-NO-TRIP":448103,"VELOCITY":35,"METERS":732,"OPD-DATE":"26-Oct-2020"},
{"EVENT-NO-TRIP":125271,"VELOCITY":37,"METERS":1302,"OPD-DATE":"20-Sep-2020"},
{"EVENT-NO-TRIP":422457,"VELOCITY":45,"METERS":4556,"OPD-DATE":"10-Jan-2021"},
{"EVENT-NO-TRIP":171964,"VELOCITY":31,"METERS":3108,"OPD-DATE":"18-Jun-2020"},
{"EVENT-NO-TRIP":263008,"VELOCITY":49,"METERS":4824,"OPD-DATE":"15-Jul-2020"},
{"EVENT-NO-TRIP":51769,"VELOCITY":4,"METERS":275,"OPD-DATE":"21-May-2020"},
{"EVENT-NO-TRIP":46219,"VELOCITY":50,"METERS":3645,"OPD-DATE":"09-Sep-2020"},
{"EVENT-NO-TRIP":305072,"VELOCITY":18,"METERS":1684,"OPD-DATE":"17-Feb-2020"},
{"EVENT-NO-TRIP":341860,"VELOCITY":18,"METERS":4914,"OPD-DATE":"10-May-2020"},
{"EVENT-NO-TRIP":313997,"VELOCITY":28,"METERS":8,"OPD-DATE":"15-Sep-2020"},
{"EVENT-NO-TRIP":201436,"VELOCITY":27,"METERS":4532,"OPD-DATE":"21-Jul-2020"},
{"EVENT-NO-TRIP":284670,"VELOCITY":13,"METERS":1119,"OPD-DATE":"17-Apr-2020"},
{"EVENT-NO-TRIP":276945,"VELOCITY":26,"METERS":2643,"OPD-DATE":"28-Sep-2020"},
{"EVENT-NO-TRIP":141975,"VELOCITY":33,"METERS":2719,"OPD-DATE":"17-Feb-2020"},
{"EVENT-NO-TRIP":12813,"VELOCITY":45,"METERS":211,"OPD-DATE":"13-Nov-2020"},
{"EVENT-NO-TRIP":175501,"VELOCITY":31,"METERS":1306,"OPD-DATE":"29-Aug-2020"},
{"EVENT-NO-TRIP":296516,"VELOCITY":16,"METERS":1765,"OPD-DATE":"07-Feb-2020"},
{"EVENT-NO-TRIP":105992,"VELOCITY":45,"METERS":4428,"OPD-DATE":"21-Jul-2020"},
{"EVENT-NO-TRIP":115251,"VELOCITY":9,"METERS":4572,"OPD-DATE":"22-Jan-2020"},
{"EVENT-NO-TRIP":295949,"VELOCITY":11,"METERS":2515,"OPD-DATE":"08-Jan-2021"},
{"EVENT-NO-TRIP":369750,"VELOCITY":2,"METERS":2299,"OPD-DATE":"14-Feb-2020"},
{"EVENT-NO-TRIP":392201,"VELOCITY":41,"METERS":2778,"OPD-DATE":"15-Sep-2020"},
{"EVENT-NO-TRIP":235936,"VELOCITY":9,"METERS":360,"OPD-DATE":"20-Feb-2020"},
{"EVENT-NO-TRIP":379733,"VELOCITY":47,"METERS":1492,"OPD-DATE":"11-Dec-2020"},
{"EVENT-NO-TRIP":28504,"VELOCITY":23,"METERS":3210,"OPD-DATE":"08-Nov-2020"},
{"EVENT-NO-TRIP":344154,"VELOCITY":42,"METERS":3229,"OPD-DATE":"08-Feb-2020"},
{"EVENT-NO-TRIP":259515,"VELOCITY":32,"METERS":4734,"OPD-DATE":"10-Dec-2020"},
{"EVENT-NO-TRIP":55341,"VELOCITY":17,"METERS":1848,"OPD-DATE":"05-Jan-2021"},
{"EVENT-NO-TRIP":136562,"VELOCITY":24,"METERS":3721,"OPD-DATE":"13-Jul-2020"},
{"EVENT-NO-TRIP":64131,"VELOCITY":41,"METERS":2441,"OPD-DATE":"21-Oct-2020"},
{"EVENT-NO-TRIP":93170,"VELOCITY":7,"METERS":4758,"OPD-DATE":"07-Sep-2020"},
{"EVENT-NO-TRIP":221877,"VELOCITY":17,"METERS":3207,"OPD-DATE":"26-Nov-2020"},
{"EVENT-NO-TRIP":43833,"VELOCITY":17,"METERS":4915,"OPD-DATE":"01-Apr-2020"},
{"EVENT-NO-TRIP":278102,"VELOCITY":1,"METERS":328,"OPD-DATE":"19-Mar-2020"},
{"EVENT-NO-TRIP":131823,"VELOCITY":42,"METERS":4860,"OPD-DATE":"09-Nov-2020"},
{"EVENT-NO-TRIP":37430,"VELOCITY":9,"METERS":2054,"OPD-DATE":"06-Aug-2020"},
{"EVENT-NO-TRIP":391224,"VELOCITY":25,"METERS":4048,"OPD-DATE":"15-Nov-2020"},
{"EVENT-NO-TRIP":189257,"VELOCITY":2,"METERS":3524,"OPD-DATE":"06-Dec-2020"},
{"EVENT-NO-TRIP":139420,"VELOCITY":33,"METERS":1710,"OPD-DATE":"30-Mar-2020"},
{"EVENT-NO-TRIP":379130,"VELOCITY":5,"METERS":4523,"OPD-DATE":"24-Jun-2020"},
{"EVENT-NO-TRIP":93720,"VELOCITY":33,"METERS":3566,"OPD-DATE":"10-Mar-2020"},
{"EVENT-NO-TRIP":241991,"VELOCITY":4,"METERS":278,"OPD-DATE":"12-Apr-2020"},
{"EVENT-NO-TRIP":171959,"VELOCITY":42,"METERS":2011,"OPD-DATE":"23-Sep-2020"},
{"EVENT-NO-TRIP":355389,"VELOCITY":49,"METERS":4899,"OPD-DATE":"01-Apr-2020"},
{"EVENT-NO-TRIP":420984,"VELOCITY":17,"METERS":2744,"OPD-DATE":"22-Aug-2020"},
{"EVENT-NO-TRIP":50208,"VELOCITY":40,"METERS":2780,"OPD-DATE":"17-Apr-2020"},
{"EVENT-NO-TRIP":426561,"VELOCITY":36,"METERS":1173,"OPD-DATE":"24-Jul-2020"},
{"EVENT-NO-TRIP":372074,"VELOCITY":32,"METERS":4841,"OPD-DATE":"09-Jun-2020"},
{"EVENT-NO-TRIP":471553,"VELOCITY":7,"METERS":1937,"OPD-DATE":"05-Aug-2020"},
{"EVENT-NO-TRIP":249854,"VELOCITY":2,"METERS":831,"OPD-DATE":"05-Jan-2021"},
{"EVENT-NO-TRIP":47548,"VELOCITY":21,"METERS":3995,"OPD-DATE":"01-Nov-2020"},
{"EVENT-NO-TRIP":298689,"VELOCITY":10,"METERS":4829,"OPD-DATE":"15-Jul-2020"},
{"EVENT-NO-TRIP":58754,"VELOCITY":2,"METERS":3451,"OPD-DATE":"14-Nov-2020"},
{"EVENT-NO-TRIP":421538,"VELOCITY":22,"METERS":4341,"OPD-DATE":"29-Jun-2020"},
{"EVENT-NO-TRIP":355355,"VELOCITY":41,"METERS":3906,"OPD-DATE":"14-Mar-2020"},
{"EVENT-NO-TRIP":111675,"VELOCITY":35,"METERS":3418,"OPD-DATE":"23-May-2020"},
{"EVENT-NO-TRIP":158388,"VELOCITY":31,"METERS":1989,"OPD-DATE":"31-Dec-2020"},
{"EVENT-NO-TRIP":110342,"VELOCITY":46,"METERS":2075,"OPD-DATE":"11-Oct-2020"},
{"EVENT-NO-TRIP":235207,"VELOCITY":26,"METERS":4901,"OPD-DATE":"09-May-2020"},
{"EVENT-NO-TRIP":10510,"VELOCITY":50,"METERS":3149,"OPD-DATE":"25-Aug-2020"},
{"EVENT-NO-TRIP":69603,"VELOCITY":41,"METERS":1125,"OPD-DATE":"31-Mar-2020"},
{"EVENT-NO-TRIP":41003,"VELOCITY":21,"METERS":984,"OPD-DATE":"09-Jan-2021"},
{"EVENT-NO-TRIP":428194,"VELOCITY":30,"METERS":2196,"OPD-DATE":"06-May-2020"},
{"EVENT-NO-TRIP":91334,"VELOCITY":2,"METERS":3980,"OPD-DATE":"07-Apr-2020"},
{"EVENT-NO-TRIP":302577,"VELOCITY":10,"METERS":425,"OPD-DATE":"10-May-2020"},
{"EVENT-NO-TRIP":389870,"VELOCITY":33,"METERS":4801,"OPD-DATE":"10-Sep-2020"},
{"EVENT-NO-TRIP":57163,"VELOCITY":12,"METERS":1999,"OPD-DATE":"15-Mar-2020"},
{"EVENT-NO-TRIP":231795,"VELOCITY":9,"METERS":2384,"OPD-DATE":"15-Jul-2020"},
{"EVENT-NO-TRIP":201319,"VELOCITY":22,"METERS":3608,"OPD-DATE":"09-Nov-2020"},
{"EVENT-NO-TRIP":106850,"VELOCITY":41,"METERS":1053,"OPD-DATE":"11-Dec-2020"},
{"EVENT-NO-TRIP":10237,"VELOCITY":35,"METERS":1483,"OPD-DATE":"24-Oct-2020"},
{"EVENT-NO-TRIP":190893,"VELOCITY":40,"METERS":3668,"OPD-DATE":"09-Oct-2020"},
{"EVENT-NO-TRIP":392641,"VELOCITY":30,"METERS":3079,"OPD-DATE":"22-Dec-2020"},
{"EVENT-NO-TRIP":283480,"VELOCITY":19,"METERS":1323,"OPD-DATE":"30-Jul-2020"},
{"EVENT-NO-TRIP":196391,"VELOCITY":14,"METERS":2540,"OPD-DATE":"29-May-2020"},
{"EVENT-NO-TRIP":153095,"VELOCITY":44,"METERS":4411,"OPD-DATE":"26-Dec-2020"},
{"EVENT-NO-TRIP":474731,"VELOCITY":31,"METERS":3303,"OPD-DATE":"14-Jun-2020"},
{"EVENT-NO-TRIP":158051,"VELOCITY":31,"METERS":2909,"OPD-DATE":"12-Aug-2020"},
{"EVENT-NO-TRIP":360117,"VELOCITY":14,"METERS":1987,"OPD-DATE":"14-Dec-2020"},
{"EVENT-NO-TRIP":491468,"VELOCITY":11,"METERS":797,"OPD-DATE":"04-Mar-2020"},
{"EVENT-NO-TRIP":202421,"VELOCITY":46,"METERS":3081,"OPD-DATE":"26-Jan-2020"},
{"EVENT-NO-TRIP":50923,"VELOCITY":11,"METERS":1870,"OPD-DATE":"13-Feb-2020"},
{"EVENT-NO-TRIP":360249,"VELOCITY":10,"METERS":3919,"OPD-DATE":"18-May-2020"},
{"EVENT-NO-TRIP":499591,"VELOCITY":35,"METERS":3703,"OPD-DATE":"20-Jun-2020"},
{"EVENT-NO-TRIP":369708,"VELOCITY":7,"METERS":3221,"OPD-DATE":"03-Jun-2020"},
{"EVENT-NO-TRIP":153366,"VELOCITY":37,"METERS":1010,"OPD-DATE":"08-Apr-2020"},
{"EVENT-NO-TRIP":97711,"VELOCITY":18,"METERS":530,"OPD-DATE":"06-Sep-2020"},
{"EVENT-NO-TRIP":371592,"VELOCITY":24,"METERS":2023,"OPD-DATE":"10-Jan-2021"},
{"EVENT-NO-TRIP":326864,"VELOCITY":9,"METERS":1803,"OPD-DATE":"20-Apr-2020"},
{"EVENT-NO-TRIP":117870,"VELOCITY":12,"METERS":2820,"OPD-DATE":"17-Sep-2020"},
{"EVENT-NO-TRIP":406248,"VELOCITY":27,"METERS":1413,"OPD-DATE":"01-Apr-2020"},
{"EVENT-NO-TRIP":256094,"VELOCITY":30,"METERS":86,"OPD-DATE":"13-Dec-2020"},
{"EVENT-NO-TRIP":324230,"VELOCITY":5,"METERS":399,"OPD-DATE":"29-Jul-2020"},
{"EVENT-NO-TRIP":138563,"VELOCITY":15,"METERS":383,"OPD-DATE":"02-Sep-2020"},
{"EVENT-NO-TRIP":14462,"VELOCITY":36,"METERS":614,"OPD-DATE":"19-Jan-2021"},
{"EVENT-NO-TRIP":65432,"VELOCITY":31,"METERS":3553,"OPD-DATE":"30-Nov-2020"},
{"EVENT-NO-TRIP":457051,"VELOCITY":13,"METERS":311,"OPD-DATE":"29-Dec-2020"},
{"EVENT-NO-TRIP":439827,"VELOCITY":19,"METERS":2622,"OPD-DATE":"07-Feb-2020"},
{"EVENT-NO-TRIP":478682,"VELOCITY":13,"METERS":4937,"OPD-DATE":"29-May-2020"},
{"EVENT-NO-TRIP":410767,"VELOCITY":36,"METERS":2081,"OPD-DATE":"18-Nov-2020"},
{"EVENT-NO-TRIP":398590,"VELOCITY":39,"METERS":2445,"OPD-DATE":"10-Dec-2020"},
{"EVENT-NO-TRIP":156745,"VELOCITY":22,"METERS":1873,"OPD-DATE":"07-Aug-2020"},
{"EVENT-NO-TRIP":475493,"VELOCITY":22,"METERS":901,"OPD-DATE":"16-Oct-2020"},
{"EVENT-NO-TRIP":232657,"VELOCITY":49,"METERS":2927,"OPD-DATE":"21-Jan-2020"},
{"EVENT-NO-TRIP":476242,"VELOCITY":17,"METERS":2667,"OPD-DATE":"27-Jan-2020"},
{"EVENT-NO-TRIP":434455,"VELOCITY":38,"METERS":215,"OPD-DATE":"07-Apr-2020"},
{"EVENT-NO-TRIP":124651,"VELOCITY":23,"METERS":3088,"OPD-DATE":"15-Mar-2020"},
{"EVENT-NO-TRIP":457925,"VELOCITY":40,"METERS":3435,"OPD-DATE":"13-Dec-2020"},
{"EVENT-NO-TRIP":28076,"VELOCITY":14,"METERS":4069,"OPD-DATE":"03-Sep-2020"},
{"EVENT-NO-TRIP":274573,"VELOCITY":30,"METERS":1185,"OPD-DATE":"08-Feb-2020"},
{"EVENT-NO-TRIP":74946,"VELOCITY":46,"METERS":4166,"OPD-DATE":"09-Feb-2020"},
{"EVENT-NO-TRIP":50502,"VELOCITY":17,"METERS":2105,"OPD-DATE":"26-Jan-2020"},
{"EVENT-NO-TRIP":206813,"VELOCITY":6,"METERS":3788,"OPD-DATE":"08-Jul-2020"},
{"EVENT-NO-TRIP":331438,"VELOCITY":47,"METERS":1517,"OPD-DATE":"13-Jul-2020"},
{"EVENT-NO-TRIP":82944,"VELOCITY":13,"METERS":1013,"OPD-DATE":"27-Feb-2020"},
{"EVENT-NO-TRIP":208958,"VELOCITY":2,"METERS":683,"OPD-DATE":"14-Nov-2020"},
{"EVENT-NO-TRIP":235933,"VELOCITY":38,"METERS":2234,"OPD-DATE":"05-Sep-2020"},
{"EVENT-NO-TRIP":103296,"VELOCITY":4,"METERS":3997,"OPD-DATE":"14-Mar-2020"},
{"EVENT-NO-TRIP":323725,"VELOCITY":18,"METERS":2760,"OPD-DATE":"04-Nov-2020"},
{"EVENT-NO-TRIP":238171,"VELOCITY":8,"METERS":3458,"OPD-DATE":"27-Jan-2020"},
{"EVENT-NO-TRIP":22583,"VELOCITY":31,"METERS":625,"OPD-DATE":"19-May-2020"},
{"EVENT-NO-TRIP":260297,"VELOCITY":47,"METERS":1123,"OPD-DATE":"04-Apr-2020"},
{"EVENT-NO-TRIP":465496,"VELOCITY":35,"METERS":1218,"OPD-DATE":"20-Sep-2020"},
{"EVENT-NO-TRIP":89431,"VELOCITY":6,"METERS":1614,"OPD-DATE":"25-May-2020"},
{"EVENT-NO-TRIP":474126,"VELOCITY":43,"METERS":1994,"OPD-DATE":"08-Aug-2020"},
{"EVENT-NO-TRIP":63176,"VELOCITY":5,"METERS":2252,"OPD-DATE":"27-Jul-2020"},
{"EVENT-NO-TRIP":324346,"VELOCITY":4,"METERS":1518,"OPD-DATE":"17-May-2020"},
{"EVENT-NO-TRIP":152522,"VELOCITY":1,"METERS":2197,"OPD-DATE":"31-Jul-2020"},
{"EVENT-NO-TRIP":215198,"VELOCITY":34,"METERS":4222,"OPD-DATE":"30-Apr-2020"},
{"EVENT-NO-TRIP":84576,"VELOCITY":26,"METERS":2649,"OPD-DATE":"01-Jun-2020"},
{"EVENT-NO-TRIP":25520,"VELOCITY":8,"METERS":2183,"OPD-DATE":"23-Oct-2020"},
{"EVENT-NO-TRIP":97230,"VELOCITY":44,"METERS":3633,"OPD-DATE":"12-Dec-2020"},
{"EVENT-NO-TRIP":419044,"VELOCITY":27,"METERS":1197,"OPD-DATE":"29-May-2020"},
{"EVENT-NO-TRIP":130276,"VELOCITY":49,"METERS":330,"OPD-DATE":"04-Jun-2020"},
{"EVENT-NO-TRIP":346105,"VELOCITY":4,"METERS":3775,"OPD-DATE":"03-Jun-2020"},
{"EVENT-NO-TRIP":434936,"VELOCITY":12,"METERS":2916,"OPD-DATE":"06-Apr-2020"},
{"EVENT-NO-TRIP":174332,"VELOCITY":11,"METERS":117,"OPD-DATE":"05-Jun-2020"},
{"EVENT-NO-TRIP":54896,"VELOCITY":35,"METERS":4600,"OPD-DATE":"16-Oct-2020"},
{"EVENT-NO-TRIP":16531,"VELOCITY":12,"METERS":739,"OPD-DATE":"16-Jun-2020"},
{"EVENT-NO-TRIP":245007,"VELOCITY":34,"METERS":4924,"OPD-DATE":"24-Nov-2020"},
{"EVENT-NO-TRIP":155487,"VELOCITY":3,"METERS":778,"OPD-DATE":"04-Jul-2020"},
{"EVENT-NO-TRIP":244850,"VELOCITY":45,"METERS":3216,"OPD-DATE":"22-Nov-2020"},
{"EVENT-NO-TRIP":171515,"VELOCITY":27,"METERS":4343,"OPD-DATE":"27-Nov-2020"},
{"EVENT-NO-TRIP":472890,"VELOCITY":14,"METERS":1915,"OPD-DATE":"21-Oct-2020"},
{"EVENT-NO-TRIP":334822,"VELOCITY":1,"METERS":2994,"OPD-DATE":"26-Oct-2020"},
{"EVENT-NO-TRIP":88143,"VELOCITY":19,"METERS":1358,"OPD-DATE":"10-Jan-2021"},
{"EVENT-NO-TRIP":304766,"VELOCITY":25,"METERS":654,"OPD-DATE":"31-Jul-2020"},
{"EVENT-NO-TRIP":405544,"VELOCITY":39,"METERS":1369,"OPD-DATE":"11-Jan-2021"},
{"EVENT-NO-TRIP":239462,"VELOCITY":45,"METERS":2165,"OPD-DATE":"04-Jan-2021"},
{"EVENT-NO-TRIP":480522,"VELOCITY":1,"METERS":1565,"OPD-DATE":"29-May-2020"},
{"EVENT-NO-TRIP":227380,"VELOCITY":7,"METERS":4489,"OPD-DATE":"02-May-2020"},
{"EVENT-NO-TRIP":61708,"VELOCITY":3,"METERS":1497,"OPD-DATE":"04-Sep-2020"},
{"EVENT-NO-TRIP":97515,"VELOCITY":6,"METERS":1076,"OPD-DATE":"30-Sep-2020"},
{"EVENT-NO-TRIP":191659,"VELOCITY":42,"METERS":145,"OPD-DATE":"07-Apr-2020"},
{"EVENT-NO-TRIP":415135,"VELOCITY":30,"METERS":1337,"OPD-DATE":"15-Jan-2021"},
{"EVENT-NO-TRIP":85633,"VELOCITY":36,"METERS":4510,"OPD-DATE":"10-May-2020"},
{"EVENT-NO-TRIP":49225,"VELOCITY":12,"METERS":507,"OPD-DATE":"25-Oct-2020"},
{"EVENT-NO-TRIP":88886,"VELOCITY":39,"METERS":2168,"OPD-DATE":"12-Aug-2020"},
{"EVENT-NO-TRIP":47216,"VELOCITY":42,"METERS":4730,"OPD-DATE":"24-Jun-2020"},
{"EVENT-NO-TRIP":176979,"VELOCITY":49,"METERS":4215,"OPD-DATE":"05-Dec-2020"},
{"EVENT-NO-TRIP":229314,"VELOCITY":41,"METERS":3942,"OPD-DATE":"26-May-2020"},
{"EVENT-NO-TRIP":480556,"VELOCITY":26,"METERS":4564,"OPD-DATE":"19-Dec-2020"},
{"EVENT-NO-TRIP":14827,"VELOCITY":30,"METERS":3924,"OPD-DATE":"25-Nov-2020"},
{"EVENT-NO-TRIP":398454,"VELOCITY":18,"METERS":2270,"OPD-DATE":"23-Jul-2020"},
{"EVENT-NO-TRIP":347244,"VELOCITY":45,"METERS":4583,"OPD-DATE":"15-May-2020"},
{"EVENT-NO-TRIP":420851,"VELOCITY":24,"METERS":1287,"OPD-DATE":"15-Jul-2020"},
{"EVENT-NO-TRIP":449543,"VELOCITY":35,"METERS":4190,"OPD-DATE":"03-Jul-2020"},
{"EVENT-NO-TRIP":93823,"VELOCITY":50,"METERS":543,"OPD-DATE":"10-Nov-2020"},
{"EVENT-NO-TRIP":122007,"VELOCITY":25,"METERS":3320,"OPD-DATE":"08-Oct-2020"},
{"EVENT-NO-TRIP":68735,"VELOCITY":42,"METERS":4240,"OPD-DATE":"12-Nov-2020"},
{"EVENT-NO-TRIP":170739,"VELOCITY":35,"METERS":2305,"OPD-DATE":"09-Mar-2020"},
{"EVENT-NO-TRIP":189529,"VELOCITY":16,"METERS":2941,"OPD-DATE":"11-Jul-2020"},
{"EVENT-NO-TRIP":43965,"VELOCITY":22,"METERS":3963,"OPD-DATE":"24-Apr-2020"},
{"EVENT-NO-TRIP":438088,"VELOCITY":14,"METERS":4668,"OPD-DATE":"27-Jan-2020"},
{"EVENT-NO-TRIP":328911,"VELOCITY":46,"METERS":3560,"OPD-DATE":"08-May-2020"},
{"EVENT-NO-TRIP":279530,"VELOCITY":3,"METERS":2745,"OPD-DATE":"18-Aug-2020"},
{"EVENT-NO-TRIP":277172,"VELOCITY":41,"METERS":2704,"OPD-DATE":"02-Dec-2020"},
{"EVENT-NO-TRIP":161468,"VELOCITY":26,"METERS":193,"OPD-DATE":"26-Sep-2020"},
{"EVENT-NO-TRIP":330613,"VELOCITY":48,"METERS":223,"OPD-DATE":"30-Apr-2020"},
{"EVENT-NO-TRIP":442728,"VELOCITY":27,"METERS":4843,"OPD-DATE":"23-Jun-2020"},
{"EVENT-NO-TRIP":490789,"VELOCITY":18,"METERS":3417,"OPD-DATE":"19-Oct-2020"},
{"EVENT-NO-TRIP":368825,"VELOCITY":45,"METERS":586,"OPD-DATE":"04-Aug-2020"},
{"EVENT-NO-TRIP":194663,"VELOCITY":37,"METERS":3494,"OPD-DATE":"20-Nov-2020"},
{"EVENT-NO-TRIP":76334,"VELOCITY":32,"METERS":2184,"OPD-DATE":"07-Feb-2020"},
{"EVENT-NO-TRIP":65481,"VELOCITY":21,"METERS":2311,"OPD-DATE":"01-Aug-2020"},
{"EVENT-NO-TRIP":87767,"VELOCITY":42,"METERS":3889,"OPD-DATE":"17-Jul-2020"},
{"EVENT-NO-TRIP":6257,"VELOCITY":14,"METERS":1778,"OPD-DATE":"28-Apr-2020"},
{"EVENT-NO-TRIP":375993,"VELOCITY":26,"METERS":3321,"OPD-DATE":"05-Apr-2020"},
{"EVENT-NO-TRIP":417470,"VELOCITY":47,"METERS":4661,"OPD-DATE":"12-Dec-2020"},
{"EVENT-NO-TRIP":173517,"VELOCITY":20,"METERS":837,"OPD-DATE":"22-Jun-2020"},
{"EVENT-NO-TRIP":297019,"VELOCITY":13,"METERS":2489,"OPD-DATE":"22-Mar-2020"},
{"EVENT-NO-TRIP":166811,"VELOCITY":27,"METERS":1574,"OPD-DATE":"30-Jun-2020"},
{"EVENT-NO-TRIP":34068,"VELOCITY":30,"METERS":3430,"OPD-DATE":"15-Dec-2020"},
{"EVENT-NO-TRIP":298241,"VELOCITY":15,"METERS":3693,"OPD-DATE":"28-Jun-2020"},
{"EVENT-NO-TRIP":435748,"VELOCITY":10,"METERS":2686,"OPD-DATE":"20-Dec-2020"},
{"EVENT-NO-TRIP":494157,"VELOCITY":18,"METERS":4171,"OPD-DATE":"18-Jul-2020"},
{"EVENT-NO-TRIP":382267,"VELOCITY":17,"METERS":3278,"OPD-DATE":"11-Mar-2020"},
{"EVENT-NO-TRIP":496561,"VELOCITY":49,"METERS":4167,"OPD-DATE":"23-Jun-2020"},
{"EVENT-NO-TRIP":93693,"VELOCITY":39,"METERS":1798,"OPD-DATE":"28-Feb-2020"},
{"EVENT-NO-TRIP":210812,"VELOCITY":25,"METERS":3060,"OPD-DATE":"24-Jun-2020"},
{"EVENT-NO-TRIP":446503,"VELOCITY":22,"METERS":2806,"OPD-DATE":"11-Dec-2020"},
{"EVENT-NO-TRIP":157357,"VELOCITY":39,"METERS":723,"OPD-DATE":"18-Jul-2020"},
{"EVENT-NO-TRIP":296594,"VELOCITY":3,"METERS":1828,"OPD-DATE":"07-May-2020"},
{"EVENT-NO-TRIP":409404,"VELOCITY":36,"METERS":3985,"OPD-DATE":"06-Dec-2020"},
{"EVENT-NO-TRIP":9173,"VELOCITY":46,"METERS":764,"OPD-DATE":"06-Sep-2020"},
{"EVENT-NO-TRIP":108891,"VELOCITY":26,"METERS":3673,"OPD-DATE":"12-Jan-2021"},
{"EVENT-NO-TRIP":269601,"VELOCITY":39,"METERS":543,"OPD-DATE":"17-Aug-2020"},
{"EVENT-NO-TRIP":335660,"VELOCITY":5,"METERS":2674,"OPD-DATE":"14-Sep-2020"},
{"EVENT-NO-TRIP":442766,"VELOCITY":11,"METERS":2113,"OPD-DATE":"25-Jan-2020"},
{"EVENT-NO-TRIP":157605,"VELOCITY":25,"METERS":45,"OPD-DATE":"20-Sep-2020"},
{"EVENT-NO-TRIP":245873,"VELOCITY":17,"METERS":1005,"OPD-DATE":"04-May-2020"},
{"EVENT-NO-TRIP":316779,"VELOCITY":48,"METERS":153,"OPD-DATE":"05-Jan-2021"},
{"EVENT-NO-TRIP":141698,"VELOCITY":10,"METERS":3560,"OPD-DATE":"21-Jul-2020"},
{"EVENT-NO-TRIP":133714,"VELOCITY":12,"METERS":521,"OPD-DATE":"10-Apr-2020"},
{"EVENT-NO-TRIP":242439,"VELOCITY":5,"METERS":2526,"OPD-DATE":"27-Feb-2020"},
{"EVENT-NO-TRIP":155419,"VELOCITY":8,"METERS":2573,"OPD-DATE":"19-Apr-2020"},
{"EVENT-NO-TRIP":282890,"VELOCITY":2,"METERS":3537,"OPD-DATE":"11-Mar-2020"},
{"EVENT-NO-TRIP":258341,"VELOCITY":35,"METERS":1512,"OPD-DATE":"29-Aug-2020"},
{"EVENT-NO-TRIP":481267,"VELOCITY":12,"METERS":1749,"OPD-DATE":"01-Mar-2020"},
{"EVENT-NO-TRIP":180808,"VELOCITY":48,"METERS":318,"OPD-DATE":"03-Jan-2021"},
{"EVENT-NO-TRIP":83408,"VELOCITY":16,"METERS":555,"OPD-DATE":"01-Nov-2020"},
{"EVENT-NO-TRIP":411152,"VELOCITY":18,"METERS":3148,"OPD-DATE":"29-Feb-2020"},
{"EVENT-NO-TRIP":17963,"VELOCITY":45,"METERS":2775,"OPD-DATE":"06-Mar-2020"},
{"EVENT-NO-TRIP":163849,"VELOCITY":2,"METERS":2726,"OPD-DATE":"08-Dec-2020"},
{"EVENT-NO-TRIP":103538,"VELOCITY":47,"METERS":393,"OPD-DATE":"15-Oct-2020"},
{"EVENT-NO-TRIP":175573,"VELOCITY":47,"METERS":133,"OPD-DATE":"31-May-2020"},
{"EVENT-NO-TRIP":469983,"VELOCITY":46,"METERS":3204,"OPD-DATE":"28-Nov-2020"},
{"EVENT-NO-TRIP":384767,"VELOCITY":38,"METERS":4545,"OPD-DATE":"05-Nov-2020"},
{"EVENT-NO-TRIP":32141,"VELOCITY":1,"METERS":3242,"OPD-DATE":"16-Aug-2020"},
{"EVENT-NO-TRIP":185320,"VELOCITY":8,"METERS":3959,"OPD-DATE":"14-Apr-2020"},
{"EVENT-NO-TRIP":498594,"VELOCITY":6,"METERS":1675,"OPD-DATE":"17-Nov-2020"},
{"EVENT-NO-TRIP":468304,"VELOCITY":21,"METERS":1495,"OPD-DATE":"22-May-2020"},
{"EVENT-NO-TRIP":496738,"VELOCITY":36,"METERS":3367,"OPD-DATE":"23-Mar-2020"},
{"EVENT-NO-TRIP":175803,"VELOCITY":18,"METERS":4895,"OPD-DATE":"23-Dec-2020"},
{"EVENT-NO-TRIP":395027,"VELOCITY":26,"METERS":862,"OPD-DATE":"28-Jul-2020"},
{"EVENT-NO-TRIP":350920,"VELOCITY":2,"METERS":3069,"OPD-DATE":"11-Apr-2020"},
{"EVENT-NO-TRIP":246239,"VELOCITY":33,"METERS":1919,"OPD-DATE":"09-Oct-2020"},
{"EVENT-NO-TRIP":487765,"VELOCITY":47,"METERS":3659,"OPD-DATE":"30-Apr-2020"},
{"EVENT-NO-TRIP":391035,"VELOCITY":39,"METERS":2434,"OPD-DATE":"24-Dec-2020"},
{"EVENT-NO-TRIP":292568,"VELOCITY":21,"METERS":2147,"OPD-DATE":"05-Jan-2021"},
{"EVENT-NO-TRIP":347338,"VELOCITY":3,"METERS":4527,"OPD-DATE":"12-Feb-2020"},
{"EVENT-NO-TRIP":418441,"VELOCITY":43,"METERS":2447,"OPD-DATE":"04-Apr-2020"},
{"EVENT-NO-TRIP":74807,"VELOCITY":23,"METERS":1461,"OPD-DATE":"21-Mar-2020"},
{"EVENT-NO-TRIP":361844,"VELOCITY":20,"METERS":2146,"OPD-DATE":"05-Nov-2020"},
{"EVENT-NO-TRIP":93965,"VELOCITY":16,"METERS":1170,"OPD-DATE":"25-Mar-2020"},
{"EVENT-NO-TRIP":7311,"VELOCITY":7,"METERS":451,"OPD-DATE":"13-Sep-2020"},
{"EVENT-NO-TRIP":316557,"VELOCITY":16,"METERS":2699,"OPD-DATE":"20-Jun-2020"},
{"EVENT-NO-TRIP":292448,"VELOCITY":4,"METERS":1098,"OPD-DATE":"19-Oct-2020"},
{"EVENT-NO-TRIP":264966,"VELOCITY":38,"METERS":3835,"OPD-DATE":"14-May-2020"},
{"EVENT-NO-TRIP":157385,"VELOCITY":7,"METERS":584,"OPD-DATE":"15-Jan-2021"},
{"EVENT-NO-TRIP":316726,"VELOCITY":35,"METERS":3775,"OPD-DATE":"24-Nov-2020"},
{"EVENT-NO-TRIP":325907,"VELOCITY":49,"METERS":4025,"OPD-DATE":"28-Sep-2020"},
{"EVENT-NO-TRIP":300874,"VELOCITY":18,"METERS":1228,"OPD-DATE":"30-Sep-2020"},
{"EVENT-NO-TRIP":182507,"VELOCITY":36,"METERS":4362,"OPD-DATE":"16-Apr-2020"},
{"EVENT-NO-TRIP":392035,"VELOCITY":25,"METERS":3869,"OPD-DATE":"04-Aug-2020"},
{"EVENT-NO-TRIP":311763,"VELOCITY":17,"METERS":4767,"OPD-DATE":"18-Sep-2020"},
{"EVENT-NO-TRIP":159948,"VELOCITY":45,"METERS":674,"OPD-DATE":"16-Jun-2020"},
{"EVENT-NO-TRIP":3305,"VELOCITY":2,"METERS":4592,"OPD-DATE":"12-Dec-2020"},
{"EVENT-NO-TRIP":269808,"VELOCITY":28,"METERS":4133,"OPD-DATE":"26-Feb-2020"},
{"EVENT-NO-TRIP":224569,"VELOCITY":27,"METERS":4001,"OPD-DATE":"26-Oct-2020"},
{"EVENT-NO-TRIP":326691,"VELOCITY":43,"METERS":2836,"OPD-DATE":"24-Nov-2020"},
{"EVENT-NO-TRIP":307089,"VELOCITY":12,"METERS":446,"OPD-DATE":"08-Feb-2020"},
{"EVENT-NO-TRIP":80556,"VELOCITY":40,"METERS":3005,"OPD-DATE":"31-Jan-2020"},
{"EVENT-NO-TRIP":371244,"VELOCITY":27,"METERS":3070,"OPD-DATE":"22-Oct-2020"},
{"EVENT-NO-TRIP":350828,"VELOCITY":12,"METERS":17,"OPD-DATE":"29-Oct-2020"},
{"EVENT-NO-TRIP":50795,"VELOCITY":10,"METERS":260,"OPD-DATE":"01-Dec-2020"},
{"EVENT-NO-TRIP":24848,"VELOCITY":34,"METERS":3400,"OPD-DATE":"18-Jan-2021"},
{"EVENT-NO-TRIP":482125,"VELOCITY":31,"METERS":3585,"OPD-DATE":"19-Nov-2020"},
{"EVENT-NO-TRIP":61220,"VELOCITY":20,"METERS":2904,"OPD-DATE":"01-Oct-2020"},
{"EVENT-NO-TRIP":302858,"VELOCITY":24,"METERS":2197,"OPD-DATE":"12-Aug-2020"},
{"EVENT-NO-TRIP":496971,"VELOCITY":27,"METERS":3307,"OPD-DATE":"23-Nov-2020"},
{"EVENT-NO-TRIP":471508,"VELOCITY":29,"METERS":3774,"OPD-DATE":"20-Sep-2020"},
{"EVENT-NO-TRIP":231695,"VELOCITY":10,"METERS":1520,"OPD-DATE":"09-Mar-2020"},
{"EVENT-NO-TRIP":394525,"VELOCITY":11,"METERS":2314,"OPD-DATE":"05-Dec-2020"},
{"EVENT-NO-TRIP":434940,"VELOCITY":11,"METERS":1158,"OPD-DATE":"10-May-2020"},
{"EVENT-NO-TRIP":442877,"VELOCITY":46,"METERS":4501,"OPD-DATE":"09-Aug-2020"},
{"EVENT-NO-TRIP":162497,"VELOCITY":37,"METERS":3706,"OPD-DATE":"11-Jul-2020"},
{"EVENT-NO-TRIP":144083,"VELOCITY":30,"METERS":3569,"OPD-DATE":"24-Feb-2020"},
{"EVENT-NO-TRIP":139315,"VELOCITY":12,"METERS":3595,"OPD-DATE":"21-May-2020"},
{"EVENT-NO-TRIP":118010,"VELOCITY":39,"METERS":4767,"OPD-DATE":"16-Mar-2020"},
{"EVENT-NO-TRIP":67213,"VELOCITY":28,"METERS":3623,"OPD-DATE":"28-Dec-2020"},
{"EVENT-NO-TRIP":385629,"VELOCITY":10,"METERS":1112,"OPD-DATE":"02-Sep-2020"},
{"EVENT-NO-TRIP":463992,"VELOCITY":48,"METERS":2740,"OPD-DATE":"11-Dec-2020"},
{"EVENT-NO-TRIP":350187,"VELOCITY":22,"METERS":2289,"OPD-DATE":"26-Jun-2020"},
{"EVENT-NO-TRIP":304243,"VELOCITY":33,"METERS":1626,"OPD-DATE":"30-Mar-2020"},
{"EVENT-NO-TRIP":45059,"VELOCITY":10,"METERS":2358,"OPD-DATE":"21-Apr-2020"},
{"EVENT-NO-TRIP":419618,"VELOCITY":43,"METERS":4742,"OPD-DATE":"02-Oct-2020"},
{"EVENT-NO-TRIP":296165,"VELOCITY":24,"METERS":171,"OPD-DATE":"13-Oct-2020"},
{"EVENT-NO-TRIP":294182,"VELOCITY":22,"METERS":3304,"OPD-DATE":"30-Sep-2020"},
{"EVENT-NO-TRIP":230126,"VELOCITY":41,"METERS":4948,"OPD-DATE":"08-Aug-2020"},
{"EVENT-NO-TRIP":227728,"VELOCITY":5,"METERS":1813,"OPD-DATE":"12-Dec-2020"},
{"EVENT-NO-TRIP":417744,"VELOCITY":42,"METERS":4777,"OPD-DATE":"30-Apr-2020"},
{"EVENT-NO-TRIP":358530,"VELOCITY":37,"METERS":2996,"OPD-DATE":"20-May-2020"},
{"EVENT-NO-TRIP":407122,"VELOCITY":5,"METERS":4625,"OPD-DATE":"18-Mar-2020"},
{"EVENT-NO-TRIP":251370,"VELOCITY":21,"METERS":2282,"OPD-DATE":"26-Jan-2020"},
{"EVENT-NO-TRIP":443305,"VELOCITY":23,"METERS":4175,"OPD-DATE":"07-Feb-2020"},
{"EVENT-NO-TRIP":89741,"VELOCITY":42,"METERS":4771,"OPD-DATE":"26-Oct-2020"},
{"EVENT-NO-TRIP":43433,"VELOCITY":37,"METERS":2618,"OPD-DATE":"17-Apr-2020"},
{"EVENT-NO-TRIP":413235,"VELOCITY":49,"METERS":3044,"OPD-DATE":"20-Nov-2020"},
{"EVENT-NO-TRIP":471727,"VELOCITY":18,"METERS":3318,"OPD-DATE":"21-Oct-2020"},
{"EVENT-NO-TRIP":372544,"VELOCITY":43,"METERS":4019,"OPD-DATE":"26-Jun-2020"},
{"EVENT-NO-TRIP":197303,"VELOCITY":39,"METERS":529,"OPD-DATE":"04-Mar-2020"},
{"EVENT-NO-TRIP":369632,"VELOCITY":34,"METERS":1421,"OPD-DATE":"31-Jan-2020"},
{"EVENT-NO-TRIP":120844,"VELOCITY":18,"METERS":4891,"OPD-DATE":"27-Oct-2020"},
{"EVENT-NO-TRIP":52153,"VELOCITY":17,"METERS":939,"OPD-DATE":"30-Dec-2020"},
{"EVENT-NO-TRIP":212088,"VELOCITY":25,"METERS":2366,"OPD-DATE":"25-Feb-2020"},
{"EVENT-NO-TRIP":257619,"VELOCITY":37,"METERS":2319,"OPD-DATE":"14-Jun-2020"},
{"EVENT-NO-TRIP":305481,"VELOCITY":16,"METERS":3574,"OPD-DATE":"16-May-2020"},
{"EVENT-NO-TRIP":315712,"VELOCITY":3,"METERS":3905,"OPD-DATE":"16-Nov-2020"},
{"EVENT-NO-TRIP":78346,"VELOCITY":35,"METERS":3322,"OPD-DATE":"05-Mar-2020"},
{"EVENT-NO-TRIP":460236,"VELOCITY":49,"METERS":1423,"OPD-DATE":"10-Feb-2020"},
{"EVENT-NO-TRIP":324702,"VELOCITY":27,"METERS":4900,"OPD-DATE":"06-Sep-2020"},
{"EVENT-NO-TRIP":283156,"VELOCITY":17,"METERS":3485,"OPD-DATE":"01-Feb-2020"},
{"EVENT-NO-TRIP":16355,"VELOCITY":6,"METERS":1288,"OPD-DATE":"23-Mar-2020"},
{"EVENT-NO-TRIP":438758,"VELOCITY":20,"METERS":4840,"OPD-DATE":"17-Mar-2020"},
{"EVENT-NO-TRIP":453840,"VELOCITY":44,"METERS":1672,"OPD-DATE":"09-Jun-2020"},
{"EVENT-NO-TRIP":311087,"VELOCITY":11,"METERS":3875,"OPD-DATE":"11-Mar-2020"},
{"EVENT-NO-TRIP":442485,"VELOCITY":42,"METERS":492,"OPD-DATE":"09-Oct-2020"},
{"EVENT-NO-TRIP":403900,"VELOCITY":17,"METERS":3041,"OPD-DATE":"06-Jul-2020"},
{"EVENT-NO-TRIP":149091,"VELOCITY":42,"METERS":2159,"OPD-DATE":"08-Nov-2020"},
{"EVENT-NO-TRIP":61645,"VELOCITY":34,"METERS":1570,"OPD-DATE":"14-Aug-2020"},
{"EVENT-NO-TRIP":204051,"VELOCITY":46,"METERS":4389,"OPD-DATE":"05-Jan-2021"},
{"EVENT-NO-TRIP":285267,"VELOCITY":28,"METERS":2330,"OPD-DATE":"30-Sep-2020"},
{"EVENT-NO-TRIP":207339,"VELOCITY":33,"METERS":4715,"OPD-DATE":"25-Jul-2020"},
{"EVENT-NO-TRIP":58726,"VELOCITY":39,"METERS":1451,"OPD-DATE":"06-May-2020"},
{"EVENT-NO-TRIP":292322,"VELOCITY":5,"METERS":2420,"OPD-DATE":"04-May-2020"},
{"EVENT-NO-TRIP":400645,"VELOCITY":14,"METERS":2244,"OPD-DATE":"27-Feb-2020"},
{"EVENT-NO-TRIP":131714,"VELOCITY":11,"METERS":598,"OPD-DATE":"03-Dec-2020"},
{"EVENT-NO-TRIP":54944,"VELOCITY":26,"METERS":4333,"OPD-DATE":"25-Aug-2020"},
{"EVENT-NO-TRIP":282396,"VELOCITY":19,"METERS":3137,"OPD-DATE":"08-Feb-2020"},
{"EVENT-NO-TRIP":832,"VELOCITY":43,"METERS":616,"OPD-DATE":"02-Jul-2020"},
{"EVENT-NO-TRIP":282161,"VELOCITY":17,"METERS":3545,"OPD-DATE":"11-Aug-2020"},
{"EVENT-NO-TRIP":468409,"VELOCITY":39,"METERS":1459,"OPD-DATE":"04-Aug-2020"},
{"EVENT-NO-TRIP":214029,"VELOCITY":50,"METERS":3538,"OPD-DATE":"13-Jun-2020"},
{"EVENT-NO-TRIP":393868,"VELOCITY":44,"METERS":1636,"OPD-DATE":"23-Aug-2020"},
{"EVENT-NO-TRIP":299927,"VELOCITY":45,"METERS":872,"OPD-DATE":"09-Aug-2020"},
{"EVENT-NO-TRIP":126013,"VELOCITY":36,"METERS":3204,"OPD-DATE":"16-Aug-2020"},
{"EVENT-NO-TRIP":232154,"VELOCITY":22,"METERS":118,"OPD-DATE":"26-Jan-2020"},
{"EVENT-NO-TRIP":266748,"VELOCITY":47,"METERS":1089,"OPD-DATE":"02-Feb-2020"},
{"EVENT-NO-TRIP":8937,"VELOCITY":7,"METERS":2716,"OPD-DATE":"06-Jul-2020"},
{"EVENT-NO-TRIP":403356,"VELOCITY":49,"METERS":725,"OPD-DATE":"23-Jan-2020"},
{"EVENT-NO-TRIP":427264,"VELOCITY":33,"METERS":14,"OPD-DATE":"10-Jul-2020"},
{"EVENT-NO-TRIP":63813,"VELOCITY":11,"METERS":2303,"OPD-DATE":"19-Feb-2020"},
{"EVENT-NO-TRIP":155117,"VELOCITY":18,"METERS":336,"OPD-DATE":"08-Oct-2020"},
{"EVENT-NO-TRIP":412973,"VELOCITY":44,"METERS":3145,"OPD-DATE":"28-Oct-2020"},
{"EVENT-NO-TRIP":411084,"VELOCITY":30,"METERS":271,"OPD-DATE":"03-Jan-2021"},
{"EVENT-NO-TRIP":38161,"VELOCITY":31,"METERS":3586,"OPD-DATE":"04-Aug-2020"},
{"EVENT-NO-TRIP":195983,"VELOCITY":4,"METERS":989,"OPD-DATE":"08-Mar-2020"},
{"EVENT-NO-TRIP":64707,"VELOCITY":1,"METERS":1305,"OPD-DATE":"17-Oct-2020"},
{"EVENT-NO-TRIP":455572,"VELOCITY":31,"METERS":1438,"OPD-DATE":"28-Nov-2020"},
{"EVENT-NO-TRIP":471125,"VELOCITY":19,"METERS":1570,"OPD-DATE":"28-Feb-2020"},
{"EVENT-NO-TRIP":392155,"VELOCITY":39,"METERS":4584,"OPD-DATE":"14-Oct-2020"},
{"EVENT-NO-TRIP":497955,"VELOCITY":36,"METERS":3896,"OPD-DATE":"03-Dec-2020"},
{"EVENT-NO-TRIP":466612,"VELOCITY":14,"METERS":781,"OPD-DATE":"06-Feb-2020"},
{"EVENT-NO-TRIP":381591,"VELOCITY":27,"METERS":1969,"OPD-DATE":"17-May-2020"},
{"EVENT-NO-TRIP":94838,"VELOCITY":23,"METERS":471,"OPD-DATE":"17-Nov-2020"},
{"EVENT-NO-TRIP":416538,"VELOCITY":41,"METERS":3818,"OPD-DATE":"13-Aug-2020"},
{"EVENT-NO-TRIP":417860,"VELOCITY":8,"METERS":898,"OPD-DATE":"20-Feb-2020"},
{"EVENT-NO-TRIP":138589,"VELOCITY":43,"METERS":4617,"OPD-DATE":"22-Jul-2020"},
{"EVENT-NO-TRIP":294654,"VELOCITY":42,"METERS":2693,"OPD-DATE":"29-May-2020"},
{"EVENT-NO-TRIP":396293,"VELOCITY":32,"METERS":329,"OPD-DATE":"25-Apr-2020"},
{"EVENT-NO-TRIP":213697,"VELOCITY":31,"METERS":1058,"OPD-DATE":"06-Dec-2020"},
{"EVENT-NO-TRIP":367731,"VELOCITY":17,"METERS":3340,"OPD-DATE":"18-Mar-2020"},
{"EVENT-NO-TRIP":354083,"VELOCITY":1,"METERS":4637,"OPD-DATE":"05-Jan-2021"},
{"EVENT-NO-TRIP":458214,"VELOCITY":28,"METERS":1197,"OPD-DATE":"12-Nov-2020"},
{"EVENT-NO-TRIP":158269,"VELOCITY":22,"METERS":1328,"OPD-DATE":"28-Jan-2020"},
{"EVENT-NO-TRIP":63728,"VELOCITY":23,"METERS":3884,"OPD-DATE":"03-May-2020"},
{"EVENT-NO-TRIP":218980,"VELOCITY":3,"METERS":2834,"OPD-DATE":"26-Sep-2020"},
{"EVENT-NO-TRIP":169333,"VELOCITY":33,"METERS":2752,"OPD-DATE":"31-Mar-2020"},
{"EVENT-NO-TRIP":143603,"VELOCITY":49,"METERS":3848,"OPD-DATE":"28-Nov-2020"},
{"EVENT-NO-TRIP":106260,"VELOCITY":4,"METERS":1967,"OPD-DATE":"14-Dec-2020"},
{"EVENT-NO-TRIP":213989,"VELOCITY":22,"METERS":4176,"OPD-DATE":"04-Aug-2020"},
{"EVENT-NO-TRIP":271315,"VELOCITY":21,"METERS":2019,"OPD-DATE":"30-Jul-2020"},
{"EVENT-NO-TRIP":370742,"VELOCITY":44,"METERS":1228,"OPD-DATE":"23-Oct-2020"},
{"EVENT-NO-TRIP":275091,"VELOCITY":1,"METERS":3641,"OPD-DATE":"12-Feb-2020"},
{"EVENT-NO-TRIP":389231,"VELOCITY":17,"METERS":1168,"OPD-DATE":"26-May-2020"},
{"EVENT-NO-TRIP":191234,"VELOCITY":42,"METERS":4456,"OPD-DATE":"14-Apr-2020"},
{"EVENT-NO-TRIP":496040,"VELOCITY":36,"METERS":2342,"OPD-DATE":"22-Jun-2020"},
{"EVENT-NO-TRIP":333043,"VELOCITY":11,"METERS":419,"OPD-DATE":"04-May-2020"},
{"EVENT-NO-TRIP":20091,"VELOCITY":15,"METERS":647,"OPD-DATE":"24-Nov-2020"},
{"EVENT-NO-TRIP":434063,"VELOCITY":5,"METERS":4276,"OPD-DATE":"14-Jan-2021"},
{"EVENT-NO-TRIP":109532,"VELOCITY":43,"METERS":1878,"OPD-DATE":"13-Mar-2020"},
{"EVENT-NO-TRIP":158820,"VELOCITY":41,"METERS":4347,"OPD-DATE":"16-Feb-2020"},
{"EVENT-NO-TRIP":382955,"VELOCITY":34,"METERS":4260,"OPD-DATE":"12-Jun-2020"},
{"EVENT-NO-TRIP":313946,"VELOCITY":19,"METERS":4536,"OPD-DATE":"18-Jun-2020"},
{"EVENT-NO-TRIP":190339,"VELOCITY":15,"METERS":372,"OPD-DATE":"17-Sep-2020"},
{"EVENT-NO-TRIP":402689,"VELOCITY":22,"METERS":2280,"OPD-DATE":"12-Nov-2020"},
{"EVENT-NO-TRIP":295410,"VELOCITY":19,"METERS":1250,"OPD-DATE":"10-Jul-2020"},
{"EVENT-NO-TRIP":207935,"VELOCITY":42,"METERS":4629,"OPD-DATE":"19-Jul-2020"},
{"EVENT-NO-TRIP":360379,"VELOCITY":34,"METERS":4,"OPD-DATE":"02-Jan-2021"},
{"EVENT-NO-TRIP":309675,"VELOCITY":46,"METERS":2010,"OPD-DATE":"13-Sep-2020"},
{"EVENT-NO-TRIP":208574,"VELOCITY":31,"METERS":4778,"OPD-DATE":"12-Nov-2020"},
{"EVENT-NO-TRIP":428854,"VELOCITY":36,"METERS":1099,"OPD-DATE":"08-Nov-2020"},
{"EVENT-NO-TRIP":169241,"VELOCITY":18,"METERS":4544,"OPD-DATE":"08-Feb-2020"},
{"EVENT-NO-TRIP":33381,"VELOCITY":5,"METERS":4389,"OPD-DATE":"24-Jun-2020"},
{"EVENT-NO-TRIP":193941,"VELOCITY":41,"METERS":1404,"OPD-DATE":"02-Jun-2020"},
{"EVENT-NO-TRIP":94693,"VELOCITY":44,"METERS":147,"OPD-DATE":"23-Jan-2020"},
{"EVENT-NO-TRIP":415315,"VELOCITY":13,"METERS":2625,"OPD-DATE":"17-Aug-2020"},
{"EVENT-NO-TRIP":358654,"VELOCITY":9,"METERS":452,"OPD-DATE":"11-Jan-2021"},
{"EVENT-NO-TRIP":371716,"VELOCITY":23,"METERS":559,"OPD-DATE":"25-Mar-2020"},
{"EVENT-NO-TRIP":87318,"VELOCITY":21,"METERS":4077,"OPD-DATE":"02-May-2020"},
{"EVENT-NO-TRIP":358297,"VELOCITY":16,"METERS":1471,"OPD-DATE":"12-Apr-2020"},
{"EVENT-NO-TRIP":110638,"VELOCITY":9,"METERS":2150,"OPD-DATE":"20-Jun-2020"},
{"EVENT-NO-TRIP":421818,"VELOCITY":26,"METERS":4302,"OPD-DATE":"08-Sep-2020"},
{"EVENT-NO-TRIP":464866,"VELOCITY":30,"METERS":365,"OPD-DATE":"12-May-2020"},
{"EVENT-NO-TRIP":274039,"VELOCITY":46,"METERS":2152,"OPD-DATE":"17-Oct-2020"},
{"EVENT-NO-TRIP":338635,"VELOCITY":10,"METERS":3942,"OPD-DATE":"24-Jul-2020"},
{"EVENT-NO-TRIP":71423,"VELOCITY":23,"METERS":3015,"OPD-DATE":"20-Oct-2020"},
{"EVENT-NO-TRIP":247588,"VELOCITY":19,"METERS":2837,"OPD-DATE":"02-May-2020"},
{"EVENT-NO-TRIP":448623,"VELOCITY":31,"METERS":64,"OPD-DATE":"10-Nov-2020"},
{"EVENT-NO-TRIP":209351,"VELOCITY":1,"METERS":2747,"OPD-DATE":"02-Nov-2020"},
{"EVENT-NO-TRIP":77686,"VELOCITY":26,"METERS":3483,"OPD-DATE":"04-May-2020"},
{"EVENT-NO-TRIP":22172,"VELOCITY":14,"METERS":1509,"OPD-DATE":"29-Jan-2020"},
{"EVENT-NO-TRIP":270199,"VELOCITY":23,"METERS":3652,"OPD-DATE":"10-Dec-2020"},
{"EVENT-NO-TRIP":113447,"VELOCITY":50,"METERS":1775,"OPD-DATE":"29-Aug-2020"},
{"EVENT-NO-TRIP":303421,"VELOCITY":25,"METERS":4697,"OPD-DATE":"03-Feb-2020"},
{"EVENT-NO-TRIP":103847,"VELOCITY":11,"METERS":2186,"OPD-DATE":"13-Jun-2020"},
{"EVENT-NO-TRIP":143666,"VELOCITY":33,"METERS":2477,"OPD-DATE":"23-Jul-2020"},
{"EVENT-NO-TRIP":203891,"VELOCITY":26,"METERS":4412,"OPD-DATE":"28-Jan-2020"},
{"EVENT-NO-TRIP":200153,"VELOCITY":9,"METERS":1599,"OPD-DATE":"25-Jan-2020"},
{"EVENT-NO-TRIP":85838,"VELOCITY":12,"METERS":3774,"OPD-DATE":"17-Jun-2020"},
{"EVENT-NO-TRIP":11048,"VELOCITY":41,"METERS":4675,"OPD-DATE":"24-May-2020"},
{"EVENT-NO-TRIP":31571,"VELOCITY":32,"METERS":247,"OPD-DATE":"29-Aug-2020"},
{"EVENT-NO-TRIP":499896,"VELOCITY":25,"METERS":455,"OPD-DATE":"01-May-2020"},
{"EVENT-NO-TRIP":316154,"VELOCITY":20,"METERS":2066,"OPD-DATE":"23-Feb-2020"},
{"EVENT-NO-TRIP":152485,"VELOCITY":41,"METERS":3060,"OPD-DATE":"29-Oct-2020"},
{"EVENT-NO-TRIP":145621,"VELOCITY":17,"METERS":2920,"OPD-DATE":"14-Jan-2021"},
{"EVENT-NO-TRIP":430543,"VELOCITY":50,"METERS":1316,"OPD-DATE":"21-Jul-2020"},
{"EVENT-NO-TRIP":353020,"VELOCITY":12,"METERS":436,"OPD-DATE":"29-Jun-2020"},
{"EVENT-NO-TRIP":74136,"VELOCITY":33,"METERS":2708,"OPD-DATE":"18-Nov-2020"},
{"EVENT-NO-TRIP":305218,"VELOCITY":41,"METERS":2904,"OPD-DATE":"04-Jan-2021"},
{"EVENT-NO-TRIP":251040,"VELOCITY":2,"METERS":3187,"OPD-DATE":"21-Dec-2020"},
{"EVENT-NO-TRIP":437857,"VELOCITY":17,"METERS":1825,"OPD-DATE":"25-Mar-2020"},
{"EVENT-NO-TRIP":140564,"VELOCITY":40,"METERS":4914,"OPD-DATE":"29-Oct-2020"},
{"EVENT-NO-TRIP":18073,"VELOCITY":44,"METERS":3530,"OPD-DATE":"16-Jan-2021"},
{"EVENT-NO-TRIP":481390,"VELOCITY":31,"METERS":4191,"OPD-DATE":"22-Jul-2020"},
{"EVENT-NO-TRIP":464499,"VELOCITY":35,"METERS":2445,"OPD-DATE":"02-Jun-2020"},
{"EVENT-NO-TRIP":95125,"VELOCITY":3,"METERS":835,"OPD-DATE":"26-Nov-2020"},
{"EVENT-NO-TRIP":184893,"VELOCITY":41,"METERS":4298,"OPD-DATE":"20-Oct-2020"},
{"EVENT-NO-TRIP":158928,"VELOCITY":19,"METERS":1018,"OPD-DATE":"10-Apr-2020"},
{"EVENT-NO-TRIP":89742,"VELOCITY":28,"METERS":3133,"OPD-DATE":"13-Feb-2020"},
{"EVENT-NO-TRIP":222441,"VELOCITY":38,"METERS":3294,"OPD-DATE":"11-Mar-2020"},
{"EVENT-NO-TRIP":442440,"VELOCITY":5,"METERS":36,"OPD-DATE":"13-Jun-2020"},
{"EVENT-NO-TRIP":417625,"VELOCITY":44,"METERS":273,"OPD-DATE":"09-Jun-2020"},
{"EVENT-NO-TRIP":193436,"VELOCITY":8,"METERS":2724,"OPD-DATE":"14-Apr-2020"},
{"EVENT-NO-TRIP":180945,"VELOCITY":40,"METERS":3084,"OPD-DATE":"12-Jul-2020"},
{"EVENT-NO-TRIP":465559,"VELOCITY":7,"METERS":4530,"OPD-DATE":"20-Jul-2020"},
{"EVENT-NO-TRIP":325106,"VELOCITY":45,"METERS":3960,"OPD-DATE":"11-Dec-2020"},
{"EVENT-NO-TRIP":436168,"VELOCITY":10,"METERS":4321,"OPD-DATE":"01-Dec-2020"},
{"EVENT-NO-TRIP":85882,"VELOCITY":8,"METERS":2403,"OPD-DATE":"24-Jan-2020"},
{"EVENT-NO-TRIP":171890,"VELOCITY":19,"METERS":3241,"OPD-DATE":"02-Jan-2021"},
{"EVENT-NO-TRIP":377863,"VELOCITY":34,"METERS":4897,"OPD-DATE":"27-Dec-2020"},
{"EVENT-NO-TRIP":169978,"VELOCITY":49,"METERS":3169,"OPD-DATE":"07-Jun-2020"},
{"EVENT-NO-TRIP":168875,"VELOCITY":36,"METERS":4004,"OPD-DATE":"23-Nov-2020"},
{"EVENT-NO-TRIP":319902,"VELOCITY":11,"METERS":457,"OPD-DATE":"04-Apr-2020"},
{"EVENT-NO-TRIP":4784,"VELOCITY":8,"METERS":3338,"OPD-DATE":"04-Jan-2021"},
{"EVENT-NO-TRIP":210526,"VELOCITY":3,"METERS":1612,"OPD-DATE":"23-Oct-2020"},
{"EVENT-NO-TRIP":140542,"VELOCITY":46,"METERS":2805,"OPD-DATE":"07-Dec-2020"},
{"EVENT-NO-TRIP":287354,"VELOCITY":4,"METERS":3368,"OPD-DATE":"01-Nov-2020"},
{"EVENT-NO-TRIP":462545,"VELOCITY":16,"METERS":4644,"OPD-DATE":"04-May-2020"},
{"EVENT-NO-TRIP":440498,"VELOCITY":31,"METERS":4304,"OPD-DATE":"26-Jan-2020"},
{"EVENT-NO-TRIP":402409,"VELOCITY":32,"METERS":4280,"OPD-DATE":"07-Mar-2020"},
{"EVENT-NO-TRIP":320751,"VELOCITY":31,"METERS":1282,"OPD-DATE":"26-May-2020"},
{"EVENT-NO-TRIP":96064,"VELOCITY":22,"METERS":4989,"OPD-DATE":"09-Feb-2020"},
{"EVENT-NO-TRIP":174837,"VELOCITY":4,"METERS":1550,"OPD-DATE":"30-Mar-2020"},
{"EVENT-NO-TRIP":321062,"VELOCITY":36,"METERS":2876,"OPD-DATE":"07-Nov-2020"},
{"EVENT-NO-TRIP":132637,"VELOCITY":14,"METERS":391,"OPD-DATE":"22-Nov-2020"},
{"EVENT-NO-TRIP":381974,"VELOCITY":29,"METERS":663,"OPD-DATE":"02-Feb-2020"},
{"EVENT-NO-TRIP":497149,"VELOCITY":19,"METERS":3342,"OPD-DATE":"24-Jul-2020"},
{"EVENT-NO-TRIP":254829,"VELOCITY":45,"METERS":884,"OPD-DATE":"07-Jun-2020"},
{"EVENT-NO-TRIP":327994,"VELOCITY":48,"METERS":470,"OPD-DATE":"13-May-2020"},
{"EVENT-NO-TRIP":312902,"VELOCITY":23,"METERS":2039,"OPD-DATE":"16-Apr-2020"},
{"EVENT-NO-TRIP":82943,"VELOCITY":24,"METERS":628,"OPD-DATE":"29-Sep-2020"},
{"EVENT-NO-TRIP":152574,"VELOCITY":17,"METERS":2527,"OPD-DATE":"16-Nov-2020"},
{"EVENT-NO-TRIP":494665,"VELOCITY":36,"METERS":4616,"OPD-DATE":"20-Oct-2020"},
{"EVENT-NO-TRIP":184890,"VELOCITY":47,"METERS":758,"OPD-DATE":"15-Sep-2020"},
{"EVENT-NO-TRIP":426217,"VELOCITY":36,"METERS":900,"OPD-DATE":"25-Apr-2020"},
{"EVENT-NO-TRIP":422184,"VELOCITY":15,"METERS":2350,"OPD-DATE":"21-Nov-2020"},
{"EVENT-NO-TRIP":184304,"VELOCITY":7,"METERS":4146,"OPD-DATE":"24-Jan-2020"},
{"EVENT-NO-TRIP":280653,"VELOCITY":45,"METERS":1486,"OPD-DATE":"18-May-2020"},
{"EVENT-NO-TRIP":6215,"VELOCITY":14,"METERS":2789,"OPD-DATE":"26-Apr-2020"},
{"EVENT-NO-TRIP":365611,"VELOCITY":40,"METERS":1002,"OPD-DATE":"09-Nov-2020"},
{"EVENT-NO-TRIP":480158,"VELOCITY":2,"METERS":1714,"OPD-DATE":"09-Jun-2020"},
{"EVENT-NO-TRIP":426723,"VELOCITY":34,"METERS":812,"OPD-DATE":"09-May-2020"},
{"EVENT-NO-TRIP":221625,"VELOCITY":41,"METERS":4436,"OPD-DATE":"12-Oct-2020"},
{"EVENT-NO-TRIP":74251,"VELOCITY":17,"METERS":2716,"OPD-DATE":"11-Dec-2020"},
{"EVENT-NO-TRIP":311998,"VELOCITY":48,"METERS":3206,"OPD-DATE":"04-Sep-2020"},
{"EVENT-NO-TRIP":473937,"VELOCITY":26,"METERS":2540,"OPD-DATE":"11-Dec-2020"},
{"EVENT-NO-TRIP":358527,"VELOCITY":8,"METERS":3331,"OPD-DATE":"02-Jun-2020"},
{"EVENT-NO-TRIP":301266,"VELOCITY":29,"METERS":3930,"OPD-DATE":"11-Jan-2021"},
{"EVENT-NO-TRIP":247819,"VELOCITY":28,"METERS":2990,"OPD-DATE":"13-Dec-2020"},
{"EVENT-NO-TRIP":3290,"VELOCITY":8,"METERS":2708,"OPD-DATE":"15-Apr-2020"},
{"EVENT-NO-TRIP":257618,"VELOCITY":45,"METERS":4248,"OPD-DATE":"27-May-2020"},
{"EVENT-NO-TRIP":95608,"VELOCITY":31,"METERS":2859,"OPD-DATE":"13-Jun-2020"},
{"EVENT-NO-TRIP":262926,"VELOCITY":3,"METERS":1992,"OPD-DATE":"02-Jun-2020"},
{"EVENT-NO-TRIP":101101,"VELOCITY":6,"METERS":1992,"OPD-DATE":"05-Sep-2020"},
{"EVENT-NO-TRIP":373386,"VELOCITY":44,"METERS":3800,"OPD-DATE":"03-Oct-2020"},
{"EVENT-NO-TRIP":356643,"VELOCITY":39,"METERS":3852,"OPD-DATE":"21-Jun-2020"},
{"EVENT-NO-TRIP":276227,"VELOCITY":27,"METERS":1071,"OPD-DATE":"01-Jun-2020"},
{"EVENT-NO-TRIP":88256,"VELOCITY":22,"METERS":3833,"OPD-DATE":"18-Nov-2020"},
{"EVENT-NO-TRIP":322168,"VELOCITY":29,"METERS":2019,"OPD-DATE":"06-May-2020"},
{"EVENT-NO-TRIP":83141,"VELOCITY":49,"METERS":1243,"OPD-DATE":"27-May-2020"},
{"EVENT-NO-TRIP":383734,"VELOCITY":29,"METERS":3911,"OPD-DATE":"23-Apr-2020"},
{"EVENT-NO-TRIP":66423,"VELOCITY":23,"METERS":3280,"OPD-DATE":"15-Sep-2020"},
{"EVENT-NO-TRIP":220695,"VELOCITY":8,"METERS":1384,"OPD-DATE":"28-Jul-2020"},
{"EVENT-NO-TRIP":349011,"VELOCITY":34,"METERS":4471,"OPD-DATE":"15-Oct-2020"},
{"EVENT-NO-TRIP":166830,"VELOCITY":5,"METERS":563,"OPD-DATE":"18-Sep-2020"},
{"EVENT-NO-TRIP":455741,"VELOCITY":2,"METERS":4566,"OPD-DATE":"16-Jun-2020"},
{"EVENT-NO-TRIP":1622,"VELOCITY":44,"METERS":4071,"OPD-DATE":"20-Nov-2020"},
{"EVENT-NO-TRIP":306592,"VELOCITY":14,"METERS":3979,"OPD-DATE":"13-Dec-2020"},
{"EVENT-NO-TRIP":360161,"VELOCITY":13,"METERS":4057,"OPD-DATE":"22-Jun-2020"},
{"EVENT-NO-TRIP":186131,"VELOCITY":47,"METERS":3832,"OPD-DATE":"21-Feb-2020"},
{"EVENT-NO-TRIP":282810,"VELOCITY":39,"METERS":4060,"OPD-DATE":"22-Jan-2020"},
{"EVENT-NO-TRIP":396864,"VELOCITY":50,"METERS":4956,"OPD-DATE":"12-Aug-2020"},
{"EVENT-NO-TRIP":373372,"VELOCITY":47,"METERS":427,"OPD-DATE":"01-Mar-2020"},
{"EVENT-NO-TRIP":216057,"VELOCITY":42,"METERS":61,"OPD-DATE":"25-Oct-2020"},
{"EVENT-NO-TRIP":329206,"VELOCITY":6,"METERS":2742,"OPD-DATE":"13-Sep-2020"},
{"EVENT-NO-TRIP":80758,"VELOCITY":5,"METERS":1995,"OPD-DATE":"09-Mar-2020"},
{"EVENT-NO-TRIP":314772,"VELOCITY":8,"METERS":3879,"OPD-DATE":"25-Apr-2020"},
{"EVENT-NO-TRIP":411724,"VELOCITY":44,"METERS":2188,"OPD-DATE":"22-Nov-2020"},
{"EVENT-NO-TRIP":80729,"VELOCITY":6,"METERS":4609,"OPD-DATE":"02-Jan-2021"},
{"EVENT-NO-TRIP":293027,"VELOCITY":15,"METERS":3154,"OPD-DATE":"17-Oct-2020"},
{"EVENT-NO-TRIP":139893,"VELOCITY":47,"METERS":1850,"OPD-DATE":"29-Jul-2020"},
{"EVENT-NO-TRIP":43998,"VELOCITY":33,"METERS":1484,"OPD-DATE":"29-Nov-2020"},
{"EVENT-NO-TRIP":166301,"VELOCITY":28,"METERS":2381,"OPD-DATE":"15-Aug-2020"},
{"EVENT-NO-TRIP":228738,"VELOCITY":17,"METERS":4778,"OPD-DATE":"28-Apr-2020"},
{"EVENT-NO-TRIP":411592,"VELOCITY":35,"METERS":3268,"OPD-DATE":"13-Mar-2020"},
{"EVENT-NO-TRIP":563,"VELOCITY":12,"METERS":3464,"OPD-DATE":"10-May-2020"},
{"EVENT-NO-TRIP":5843,"VELOCITY":33,"METERS":2141,"OPD-DATE":"14-May-2020"},
{"EVENT-NO-TRIP":208052,"VELOCITY":12,"METERS":3638,"OPD-DATE":"14-Oct-2020"},
{"EVENT-NO-TRIP":124515,"VELOCITY":42,"METERS":607,"OPD-DATE":"31-May-2020"},
{"EVENT-NO-TRIP":96600,"VELOCITY":11,"METERS":3269,"OPD-DATE":"29-Jul-2020"},
{"EVENT-NO-TRIP":360768,"VELOCITY":44,"METERS":3009,"OPD-DATE":"13-Feb-2020"},
{"EVENT-NO-TRIP":371970,"VELOCITY":23,"METERS":1664,"OPD-DATE":"13-Jan-2021"},
{"EVENT-NO-TRIP":422573,"VELOCITY":30,"METERS":628,"OPD-DATE":"01-May-2020"},
{"EVENT-NO-TRIP":7504,"VELOCITY":28,"METERS":1644,"OPD-DATE":"12-Oct-2020"},
{"EVENT-NO-TRIP":295355,"VELOCITY":18,"METERS":33,"OPD-DATE":"02-Sep-2020"},
{"EVENT-NO-TRIP":185386,"VELOCITY":31,"METERS":1155,"OPD-DATE":"08-Sep-2020"},
{"EVENT-NO-TRIP":185579,"VELOCITY":21,"METERS":4891,"OPD-DATE":"25-Mar-2020"},
{"EVENT-NO-TRIP":481497,"VELOCITY":26,"METERS":2915,"OPD-DATE":"22-Oct-2020"},
{"EVENT-NO-TRIP":489816,"VELOCITY":12,"METERS":39,"OPD-DATE":"14-Oct-2020"},
{"EVENT-NO-TRIP":488169,"VELOCITY":20,"METERS":2946,"OPD-DATE":"24-Apr-2020"},
{"EVENT-NO-TRIP":345367,"VELOCITY":49,"METERS":1183,"OPD-DATE":"03-Mar-2020"},
{"EVENT-NO-TRIP":191615,"VELOCITY":49,"METERS":3003,"OPD-DATE":"01-Jan-2021"},
{"EVENT-NO-TRIP":329097,"VELOCITY":20,"METERS":3204,"OPD-DATE":"26-Jun-2020"},
{"EVENT-NO-TRIP":306582,"VELOCITY":31,"METERS":1099,"OPD-DATE":"17-Mar-2020"},
{"EVENT-NO-TRIP":230827,"VELOCITY":24,"METERS":2329,"OPD-DATE":"09-Aug-2020"},
{"EVENT-NO-TRIP":263041,"VELOCITY":33,"METERS":1797,"OPD-DATE":"02-Nov-2020"},
{"EVENT-NO-TRIP":378908,"VELOCITY":24,"METERS":3470,"OPD-DATE":"18-Dec-2020"},
{"EVENT-NO-TRIP":400200,"VELOCITY":37,"METERS":2830,"OPD-DATE":"04-Apr-2020"},
{"EVENT-NO-TRIP":15439,"VELOCITY":4,"METERS":29,"OPD-DATE":"19-Dec-2020"},
{"EVENT-NO-TRIP":66499,"VELOCITY":22,"METERS":39,"OPD-DATE":"02-Dec-2020"},
{"EVENT-NO-TRIP":442020,"VELOCITY":19,"METERS":2617,"OPD-DATE":"20-Jun-2020"},
{"EVENT-NO-TRIP":229116,"VELOCITY":29,"METERS":1418,"OPD-DATE":"01-Dec-2020"},
{"EVENT-NO-TRIP":203112,"VELOCITY":10,"METERS":1944,"OPD-DATE":"30-Jul-2020"},
{"EVENT-NO-TRIP":372920,"VELOCITY":8,"METERS":1592,"OPD-DATE":"16-Nov-2020"},
{"EVENT-NO-TRIP":430305,"VELOCITY":36,"METERS":555,"OPD-DATE":"14-Mar-2020"},
{"EVENT-NO-TRIP":489914,"VELOCITY":17,"METERS":1013,"OPD-DATE":"23-Jul-2020"},
{"EVENT-NO-TRIP":458828,"VELOCITY":18,"METERS":3792,"OPD-DATE":"14-Aug-2020"},
{"EVENT-NO-TRIP":118762,"VELOCITY":16,"METERS":2357,"OPD-DATE":"13-Jan-2021"},
{"EVENT-NO-TRIP":245848,"VELOCITY":5,"METERS":3431,"OPD-DATE":"21-Aug-2020"},
{"EVENT-NO-TRIP":15234,"VELOCITY":31,"METERS":500,"OPD-DATE":"04-Nov-2020"},
{"EVENT-NO-TRIP":130327,"VELOCITY":33,"METERS":1988,"OPD-DATE":"23-Jun-2020"},
{"EVENT-NO-TRIP":316932,"VELOCITY":47,"METERS":823,"OPD-DATE":"21-Dec-2020"},
{"EVENT-NO-TRIP":109146,"VELOCITY":45,"METERS":3384,"OPD-DATE":"17-May-2020"},
{"EVENT-NO-TRIP":435517,"VELOCITY":25,"METERS":4824,"OPD-DATE":"28-Sep-2020"},
{"EVENT-NO-TRIP":392477,"VELOCITY":32,"METERS":2937,"OPD-DATE":"04-Oct-2020"},
{"EVENT-NO-TRIP":343829,"VELOCITY":37,"METERS":2526,"OPD-DATE":"06-Jun-2020"},
{"EVENT-NO-TRIP":124260,"VELOCITY":44,"METERS":1276,"OPD-DATE":"25-Jul-2020"},
{"EVENT-NO-TRIP":207248,"VELOCITY":12,"METERS":3815,"OPD-DATE":"09-Dec-2020"},
{"EVENT-NO-TRIP":261975,"VELOCITY":18,"METERS":3619,"OPD-DATE":"10-Dec-2020"},
{"EVENT-NO-TRIP":454150,"VELOCITY":44,"METERS":1587,"OPD-DATE":"24-Dec-2020"},
{"EVENT-NO-TRIP":85380,"VELOCITY":34,"METERS":2811,"OPD-DATE":"14-Jul-2020"},
{"EVENT-NO-TRIP":483495,"VELOCITY":32,"METERS":3941,"OPD-DATE":"22-May-2020"},
{"EVENT-NO-TRIP":370693,"VELOCITY":48,"METERS":1791,"OPD-DATE":"24-Oct-2020"},
{"EVENT-NO-TRIP":321062,"VELOCITY":50,"METERS":1192,"OPD-DATE":"01-Jan-2021"},
{"EVENT-NO-TRIP":470694,"VELOCITY":28,"METERS":512,"OPD-DATE":"08-Dec-2020"},
{"EVENT-NO-TRIP":477112,"VELOCITY":37,"METERS":55,"OPD-DATE":"09-Apr-2020"},
{"EVENT-NO-TRIP":342491,"VELOCITY":19,"METERS":2252,"OPD-DATE":"29-Apr-2020"},
{"EVENT-NO-TRIP":28836,"VELOCITY":35,"METERS":2364,"OPD-DATE":"24-Apr-2020"},
{"EVENT-NO-TRIP":385895,"VELOCITY":39,"METERS":931,"OPD-DATE":"12-Aug-2020"},
{"EVENT-NO-TRIP":220634,"VELOCITY":16,"METERS":3055,"OPD-DATE":"10-Nov-2020"},
{"EVENT-NO-TRIP":447706,"VELOCITY":29,"METERS":1659,"OPD-DATE":"11-May-2020"},
{"EVENT-NO-TRIP":112123,"VELOCITY":49,"METERS":1496,"OPD-DATE":"24-Dec-2020"},
{"EVENT-NO-TRIP":468590,"VELOCITY":14,"METERS":2763,"OPD-DATE":"25-Nov-2020"},
{"EVENT-NO-TRIP":428980,"VELOCITY":25,"METERS":195,"OPD-DATE":"31-Aug-2020"},
{"EVENT-NO-TRIP":37421,"VELOCITY":47,"METERS":328,"OPD-DATE":"26-Mar-2020"},
{"EVENT-NO-TRIP":332331,"VELOCITY":27,"METERS":2558,"OPD-DATE":"19-Jun-2020"},
{"EVENT-NO-TRIP":39069,"VELOCITY":43,"METERS":4194,"OPD-DATE":"14-Sep-2020"},
{"EVENT-NO-TRIP":219240,"VELOCITY":24,"METERS":2271,"OPD-DATE":"04-Apr-2020"},
{"EVENT-NO-TRIP":401260,"VELOCITY":23,"METERS":1034,"OPD-DATE":"02-Aug-2020"},
{"EVENT-NO-TRIP":431204,"VELOCITY":42,"METERS":2373,"OPD-DATE":"17-Nov-2020"},
{"EVENT-NO-TRIP":60584,"VELOCITY":17,"METERS":2109,"OPD-DATE":"04-Dec-2020"},
{"EVENT-NO-TRIP":366191,"VELOCITY":25,"METERS":3797,"OPD-DATE":"30-Nov-2020"},
{"EVENT-NO-TRIP":458328,"VELOCITY":35,"METERS":2715,"OPD-DATE":"28-Apr-2020"},
{"EVENT-NO-TRIP":10144,"VELOCITY":27,"METERS":2391,"OPD-DATE":"27-Feb-2020"},
{"EVENT-NO-TRIP":161843,"VELOCITY":11,"METERS":2532,"OPD-DATE":"01-Mar-2020"},
{"EVENT-NO-TRIP":412690,"VELOCITY":16,"METERS":4407,"OPD-DATE":"31-Jul-2020"},
{"EVENT-NO-TRIP":55531,"VELOCITY":29,"METERS":3921,"OPD-DATE":"06-Feb-2020"},
{"EVENT-NO-TRIP":245032,"VELOCITY":46,"METERS":4350,"OPD-DATE":"29-Feb-2020"},
{"EVENT-NO-TRIP":329610,"VELOCITY":2,"METERS":1511,"OPD-DATE":"12-Mar-2020"},
{"EVENT-NO-TRIP":451627,"VELOCITY":13,"METERS":2336,"OPD-DATE":"04-Oct-2020"},
{"EVENT-NO-TRIP":155693,"VELOCITY":12,"METERS":2663,"OPD-DATE":"21-Aug-2020"},
{"EVENT-NO-TRIP":274832,"VELOCITY":30,"METERS":4339,"OPD-DATE":"03-Oct-2020"},
{"EVENT-NO-TRIP":54249,"VELOCITY":50,"METERS":3027,"OPD-DATE":"28-Mar-2020"},
{"EVENT-NO-TRIP":201227,"VELOCITY":24,"METERS":342,"OPD-DATE":"22-Jul-2020"},
{"EVENT-NO-TRIP":432526,"VELOCITY":5,"METERS":3283,"OPD-DATE":"23-Jun-2020"},
{"EVENT-NO-TRIP":452717,"VELOCITY":42,"METERS":3100,"OPD-DATE":"18-Jul-2020"},
{"EVENT-NO-TRIP":235888,"VELOCITY":32,"METERS":935,"OPD-DATE":"03-Dec-2020"},
{"EVENT-NO-TRIP":40190,"VELOCITY":26,"METERS":3548,"OPD-DATE":"31-Jul-2020"},
{"EVENT-NO-TRIP":157232,"VELOCITY":38,"METERS":3598,"OPD-DATE":"31-Aug-2020"},
{"EVENT-NO-TRIP":386392,"VELOCITY":43,"METERS":3317,"OPD-DATE":"26-Nov-2020"},
{"EVENT-NO-TRIP":251602,"VELOCITY":38,"METERS":2755,"OPD-DATE":"01-Jun-2020"},
{"EVENT-NO-TRIP":42141,"VELOCITY":43,"METERS":1568,"OPD-DATE":"09-May-2020"},
{"EVENT-NO-TRIP":259928,"VELOCITY":40,"METERS":1127,"OPD-DATE":"19-Oct-2020"},
{"EVENT-NO-TRIP":131630,"VELOCITY":3,"METERS":1584,"OPD-DATE":"05-Aug-2020"},
{"EVENT-NO-TRIP":266309,"VELOCITY":50,"METERS":934,"OPD-DATE":"26-Apr-2020"},
{"EVENT-NO-TRIP":115800,"VELOCITY":21,"METERS":3778,"OPD-DATE":"10-Mar-2020"},
{"EVENT-NO-TRIP":133203,"VELOCITY":6,"METERS":3817,"OPD-DATE":"23-May-2020"},
{"EVENT-NO-TRIP":318111,"VELOCITY":39,"METERS":540,"OPD-DATE":"31-Aug-2020"},
{"EVENT-NO-TRIP":359718,"VELOCITY":41,"METERS":4195,"OPD-DATE":"16-Sep-2020"},
{"EVENT-NO-TRIP":21353,"VELOCITY":36,"METERS":1937,"OPD-DATE":"20-Jul-2020"},
{"EVENT-NO-TRIP":453666,"VELOCITY":9,"METERS":2085,"OPD-DATE":"21-Jul-2020"},
{"EVENT-NO-TRIP":35667,"VELOCITY":13,"METERS":69,"OPD-DATE":"08-Sep-2020"},
{"EVENT-NO-TRIP":302373,"VELOCITY":41,"METERS":3343,"OPD-DATE":"02-Jun-2020"},
{"EVENT-NO-TRIP":226983,"VELOCITY":32,"METERS":1917,"OPD-DATE":"11-Sep-2020"},
{"EVENT-NO-TRIP":395090,"VELOCITY":9,"METERS":58,"OPD-DATE":"09-Jun-2020"},
{"EVENT-NO-TRIP":145749,"VELOCITY":47,"METERS":3700,"OPD-DATE":"10-Feb-2020"},
{"EVENT-NO-TRIP":281431,"VELOCITY":30,"METERS":321,"OPD-DATE":"18-Mar-2020"},
{"EVENT-NO-TRIP":69173,"VELOCITY":2,"METERS":455,"OPD-DATE":"08-Jan-2021"},
{"EVENT-NO-TRIP":86705,"VELOCITY":50,"METERS":2288,"OPD-DATE":"06-Jan-2021"},
{"EVENT-NO-TRIP":282636,"VELOCITY":49,"METERS":2495,"OPD-DATE":"07-Jan-2021"},
{"EVENT-NO-TRIP":434448,"VELOCITY":45,"METERS":1797,"OPD-DATE":"06-May-2020"},
{"EVENT-NO-TRIP":167901,"VELOCITY":37,"METERS":3542,"OPD-DATE":"15-Oct-2020"},
{"EVENT-NO-TRIP":70857,"VELOCITY":5,"METERS":3845,"OPD-DATE":"07-Jul-2020"},
{"EVENT-NO-TRIP":439234,"VELOCITY":49,"METERS":3369,"OPD-DATE":"14-Sep-2020"},
{"EVENT-NO-TRIP":124997,"VELOCITY":8,"METERS":2834,"OPD-DATE":"01-Jan-2021"},
{"EVENT-NO-TRIP":460129,"VELOCITY":1,"METERS":2560,"OPD-DATE":"26-Jul-2020"},
{"EVENT-NO-TRIP":320612,"VELOCITY":46,"METERS":812,"OPD-DATE":"14-Sep-2020"},
{"EVENT-NO-TRIP":426914,"VELOCITY":43,"METERS":3944,"OPD-DATE":"17-Aug-2020"},
{"EVENT-NO-TRIP":481002,"VELOCITY":1,"METERS":1581,"OPD-DATE":"20-Nov-2020"},
{"EVENT-NO-TRIP":140451,"VELOCITY":1,"METERS":197,"OPD-DATE":"16-Sep-2020"},
{"EVENT-NO-TRIP":180157,"VELOCITY":25,"METERS":4623,"OPD-DATE":"23-Aug-2020"},
{"EVENT-NO-TRIP":114893,"VELOCITY":22,"METERS":4307,"OPD-DATE":"04-Sep-2020"},
{"EVENT-NO-TRIP":60118,"VELOCITY":18,"METERS":4149,"OPD-DATE":"06-Jul-2020"},
{"EVENT-NO-TRIP":382912,"VELOCITY":9,"METERS":242,"OPD-DATE":"07-Oct-2020"},
{"EVENT-NO-TRIP":283598,"VELOCITY":48,"METERS":4596,"OPD-DATE":"14-Oct-2020"},
{"EVENT-NO-TRIP":313253,"VELOCITY":49,"METERS":1192,"OPD-DATE":"18-Jun-2020"},
{"EVENT-NO-TRIP":112122,"VELOCITY":50,"METERS":4294,"OPD-DATE":"06-Apr-2020"},
{"EVENT-NO-TRIP":269230,"VELOCITY":4,"METERS":3248,"OPD-DATE":"17-Dec-2020"},
{"EVENT-NO-TRIP":40391,"VELOCITY":35,"METERS":2798,"OPD-DATE":"10-Nov-2020"},
{"EVENT-NO-TRIP":260210,"VELOCITY":6,"METERS":2230,"OPD-DATE":"24-Jan-2020"},
{"EVENT-NO-TRIP":477764,"VELOCITY":28,"METERS":1343,"OPD-DATE":"17-Oct-2020"},
{"EVENT-NO-TRIP":201973,"VELOCITY":15,"METERS":4091,"OPD-DATE":"17-Jun-2020"},
{"EVENT-NO-TRIP":432281,"VELOCITY":21,"METERS":4202,"OPD-DATE":"11-Sep-2020"},
{"EVENT-NO-TRIP":440306,"VELOCITY":33,"METERS":2970,"OPD-DATE":"16-Mar-2020"},
{"EVENT-NO-TRIP":9178,"VELOCITY":21,"METERS":1752,"OPD-DATE":"24-Aug-2020"},
{"EVENT-NO-TRIP":45413,"VELOCITY":12,"METERS":3990,"OPD-DATE":"08-Jul-2020"},
{"EVENT-NO-TRIP":207030,"VELOCITY":17,"METERS":4388,"OPD-DATE":"08-Oct-2020"},
{"EVENT-NO-TRIP":165553,"VELOCITY":27,"METERS":2938,"OPD-DATE":"15-Nov-2020"},
{"EVENT-NO-TRIP":52728,"VELOCITY":39,"METERS":583,"OPD-DATE":"17-Jun-2020"},
{"EVENT-NO-TRIP":240767,"VELOCITY":20,"METERS":4080,"OPD-DATE":"02-Sep-2020"},
{"EVENT-NO-TRIP":293234,"VELOCITY":13,"METERS":1539,"OPD-DATE":"10-Jul-2020"},
{"EVENT-NO-TRIP":133371,"VELOCITY":26,"METERS":4152,"OPD-DATE":"08-Feb-2020"},
{"EVENT-NO-TRIP":206527,"VELOCITY":50,"METERS":2412,"OPD-DATE":"21-Apr-2020"},
{"EVENT-NO-TRIP":67236,"VELOCITY":11,"METERS":1857,"OPD-DATE":"05-Apr-2020"},
{"EVENT-NO-TRIP":135800,"VELOCITY":10,"METERS":4906,"OPD-DATE":"28-Sep-2020"},
{"EVENT-NO-TRIP":59101,"VELOCITY":50,"METERS":3214,"OPD-DATE":"11-Feb-2020"},
{"EVENT-NO-TRIP":64586,"VELOCITY":9,"METERS":4441,"OPD-DATE":"16-Dec-2020"},
{"EVENT-NO-TRIP":364001,"VELOCITY":50,"METERS":2251,"OPD-DATE":"05-Dec-2020"},
{"EVENT-NO-TRIP":193234,"VELOCITY":16,"METERS":2112,"OPD-DATE":"22-Oct-2020"},
{"EVENT-NO-TRIP":25076,"VELOCITY":30,"METERS":1760,"OPD-DATE":"02-Feb-2020"},
{"EVENT-NO-TRIP":1854,"VELOCITY":2,"METERS":2756,"OPD-DATE":"31-Jul-2020"},
{"EVENT-NO-TRIP":231236,"VELOCITY":19,"METERS":4693,"OPD-DATE":"21-May-2020"},
{"EVENT-NO-TRIP":471581,"VELOCITY":1,"METERS":1587,"OPD-DATE":"26-Jan-2020"},
{"EVENT-NO-TRIP":169716,"VELOCITY":10,"METERS":1330,"OPD-DATE":"11-Feb-2020"},
{"EVENT-NO-TRIP":219625,"VELOCITY":13,"METERS":4478,"OPD-DATE":"25-Mar-2020"},
{"EVENT-NO-TRIP":87635,"VELOCITY":7,"METERS":4643,"OPD-DATE":"05-Dec-2020"},
{"EVENT-NO-TRIP":356181,"VELOCITY":13,"METERS":439,"OPD-DATE":"09-Aug-2020"},
{"EVENT-NO-TRIP":24567,"VELOCITY":23,"METERS":2797,"OPD-DATE":"07-Oct-2020"},
{"EVENT-NO-TRIP":115846,"VELOCITY":31,"METERS":4636,"OPD-DATE":"04-Dec-2020"},
{"EVENT-NO-TRIP":19261,"VELOCITY":46,"METERS":2681,"OPD-DATE":"17-Feb-2020"},
{"EVENT-NO-TRIP":334599,"VELOCITY":24,"METERS":1571,"OPD-DATE":"27-Dec-2020"},
{"EVENT-NO-TRIP":469146,"VELOCITY":19,"METERS":2788,"OPD-DATE":"19-May-2020"},
{"EVENT-NO-TRIP":476618,"VELOCITY":22,"METERS":4116,"OPD-DATE":"10-Dec-2020"},
{"EVENT-NO-TRIP":384148,"VELOCITY":46,"METERS":1869,"OPD-DATE":"26-May-2020"},
{"EVENT-NO-TRIP":168109,"VELOCITY":21,"METERS":3804,"OPD-DATE":"08-Jul-2020"},
{"EVENT-NO-TRIP":394484,"VELOCITY":26,"METERS":2758,"OPD-DATE":"12-Apr-2020"},
{"EVENT-NO-TRIP":118500,"VELOCITY":23,"METERS":946,"OPD-DATE":"15-Jan-2021"},
{"EVENT-NO-TRIP":224746,"VELOCITY":21,"METERS":1900,"OPD-DATE":"11-Sep-2020"},
{"EVENT-NO-TRIP":466706,"VELOCITY":26,"METERS":2208,"OPD-DATE":"05-Feb-2020"},
{"EVENT-NO-TRIP":280631,"VELOCITY":18,"METERS":3203,"OPD-DATE":"22-Mar-2020"},
{"EVENT-NO-TRIP":203488,"VELOCITY":34,"METERS":760,"OPD-DATE":"27-Mar-2020"},
{"EVENT-NO-TRIP":344864,"VELOCITY":7,"METERS":2003,"OPD-DATE":"28-Nov-2020"},
{"EVENT-NO-TRIP":186460,"VELOCITY":13,"METERS":4589,"OPD-DATE":"21-Sep-2020"},
{"EVENT-NO-TRIP":106450,"VELOCITY":14,"METERS":2373,"OPD-DATE":"10-Feb-2020"},
{"EVENT-NO-TRIP":4185,"VELOCITY":11,"METERS":2700,"OPD-DATE":"29-Oct-2020"},
{"EVENT-NO-TRIP":382122,"VELOCITY":45,"METERS":979,"OPD-DATE":"07-Mar-2020"},
{"EVENT-NO-TRIP":16637,"VELOCITY":12,"METERS":3325,"OPD-DATE":"23-May-2020"},
{"EVENT-NO-TRIP":393221,"VELOCITY":13,"METERS":738,"OPD-DATE":"09-Jan-2021"},
{"EVENT-NO-TRIP":95880,"VELOCITY":46,"METERS":587,"OPD-DATE":"13-Jan-2021"},
{"EVENT-NO-TRIP":277559,"VELOCITY":8,"METERS":2327,"OPD-DATE":"13-Aug-2020"},
{"EVENT-NO-TRIP":456355,"VELOCITY":24,"METERS":61,"OPD-DATE":"25-Apr-2020"},
{"EVENT-NO-TRIP":322157,"VELOCITY":10,"METERS":3494,"OPD-DATE":"28-Feb-2020"},
{"EVENT-NO-TRIP":477834,"VELOCITY":1,"METERS":2989,"OPD-DATE":"31-Jul-2020"},
{"EVENT-NO-TRIP":180856,"VELOCITY":27,"METERS":1527,"OPD-DATE":"08-Oct-2020"},
{"EVENT-NO-TRIP":74325,"VELOCITY":30,"METERS":3664,"OPD-DATE":"07-Jul-2020"},
{"EVENT-NO-TRIP":426472,"VELOCITY":6,"METERS":1637,"OPD-DATE":"04-Jun-2020"},
{"EVENT-NO-TRIP":471867,"VELOCITY":48,"METERS":3129,"OPD-DATE":"18-Apr-2020"},
{"EVENT-NO-TRIP":138342,"VELOCITY":24,"METERS":328,"OPD-DATE":"07-Sep-2020"},
{"EVENT-NO-TRIP":361731,"VELOCITY":5,"METERS":4090,"OPD-DATE":"23-Feb-2020"},
{"EVENT-NO-TRIP":289723,"VELOCITY":7,"METERS":3182,"OPD-DATE":"13-Jul-2020"},
{"EVENT-NO-TRIP":264701,"VELOCITY":21,"METERS":4896,"OPD-DATE":"19-Sep-2020"},
{"EVENT-NO-TRIP":78246,"VELOCITY":25,"METERS":2883,"OPD-DATE":"10-May-2020"},
{"EVENT-NO-TRIP":436596,"VELOCITY":44,"METERS":1408,"OPD-DATE":"05-Aug-2020"},
{"EVENT-NO-TRIP":47120,"VELOCITY":19,"METERS":4827,"OPD-DATE":"18-Feb-2020"},
{"EVENT-NO-TRIP":35261,"VELOCITY":16,"METERS":2714,"OPD-DATE":"02-Jul-2020"},
{"EVENT-NO-TRIP":52204,"VELOCITY":45,"METERS":3181,"OPD-DATE":"31-Oct-2020"},
{"EVENT-NO-TRIP":456591,"VELOCITY":4,"METERS":4,"OPD-DATE":"31-Mar-2020"},
{"EVENT-NO-TRIP":393027,"VELOCITY":12,"METERS":4183,"OPD-DATE":"24-May-2020"},
{"EVENT-NO-TRIP":412047,"VELOCITY":28,"METERS":1568,"OPD-DATE":"28-Dec-2020"},
{"EVENT-NO-TRIP":130030,"VELOCITY":50,"METERS":2969,"OPD-DATE":"09-Oct-2020"},
{"EVENT-NO-TRIP":474253,"VELOCITY":35,"METERS":1438,"OPD-DATE":"30-Sep-2020"},
{"EVENT-NO-TRIP":248496,"VELOCITY":26,"METERS":1475,"OPD-DATE":"15-Jul-2020"},
{"EVENT-NO-TRIP":365589,"VELOCITY":31,"METERS":1599,"OPD-DATE":"28-Nov-2020"},
{"EVENT-NO-TRIP":160476,"VELOCITY":14,"METERS":4081,"OPD-DATE":"03-Jan-2021"},
{"EVENT-NO-TRIP":1317,"VELOCITY":50,"METERS":2053,"OPD-DATE":"31-Jul-2020"},
{"EVENT-NO-TRIP":239071,"VELOCITY":34,"METERS":4669,"OPD-DATE":"05-Aug-2020"},
{"EVENT-NO-TRIP":418030,"VELOCITY":32,"METERS":1500,"OPD-DATE":"28-Jun-2020"},
{"EVENT-NO-TRIP":347081,"VELOCITY":29,"METERS":4879,"OPD-DATE":"14-Apr-2020"},
{"EVENT-NO-TRIP":200677,"VELOCITY":27,"METERS":2621,"OPD-DATE":"17-Sep-2020"},
{"EVENT-NO-TRIP":390046,"VELOCITY":14,"METERS":4636,"OPD-DATE":"04-Nov-2020"},
{"EVENT-NO-TRIP":271887,"VELOCITY":43,"METERS":4681,"OPD-DATE":"29-Feb-2020"},
{"EVENT-NO-TRIP":397598,"VELOCITY":27,"METERS":480,"OPD-DATE":"07-Jun-2020"},
{"EVENT-NO-TRIP":332647,"VELOCITY":3,"METERS":1784,"OPD-DATE":"29-Dec-2020"},
{"EVENT-NO-TRIP":364328,"VELOCITY":33,"METERS":3030,"OPD-DATE":"05-Jun-2020"},
{"EVENT-NO-TRIP":270335,"VELOCITY":24,"METERS":1850,"OPD-DATE":"06-Jan-2021"},
{"EVENT-NO-TRIP":4093,"VELOCITY":38,"METERS":3279,"OPD-DATE":"19-Oct-2020"},
{"EVENT-NO-TRIP":98127,"VELOCITY":49,"METERS":3928,"OPD-DATE":"08-Nov-2020"},
{"EVENT-NO-TRIP":85287,"VELOCITY":23,"METERS":4474,"OPD-DATE":"15-Jun-2020"},
{"EVENT-NO-TRIP":398476,"VELOCITY":23,"METERS":2957,"OPD-DATE":"17-Mar-2020"},
{"EVENT-NO-TRIP":350700,"VELOCITY":1,"METERS":135,"OPD-DATE":"26-Sep-2020"},
{"EVENT-NO-TRIP":280578,"VELOCITY":41,"METERS":644,"OPD-DATE":"23-Mar-2020"},
{"EVENT-NO-TRIP":199063,"VELOCITY":9,"METERS":3679,"OPD-DATE":"15-Mar-2020"},
{"EVENT-NO-TRIP":371601,"VELOCITY":43,"METERS":3721,"OPD-DATE":"13-Mar-2020"},
{"EVENT-NO-TRIP":165991,"VELOCITY":18,"METERS":1690,"OPD-DATE":"29-Sep-2020"},
{"EVENT-NO-TRIP":361596,"VELOCITY":34,"METERS":1656,"OPD-DATE":"07-Jan-2021"},
{"EVENT-NO-TRIP":179582,"VELOCITY":41,"METERS":2327,"OPD-DATE":"19-Jan-2021"},
{"EVENT-NO-TRIP":390058,"VELOCITY":7,"METERS":1178,"OPD-DATE":"14-Feb-2020"},
{"EVENT-NO-TRIP":92697,"VELOCITY":27,"METERS":1807,"OPD-DATE":"23-Aug-2020"},
{"EVENT-NO-TRIP":499944,"VELOCITY":30,"METERS":541,"OPD-DATE":"01-Aug-2020"},
{"EVENT-NO-TRIP":360409,"VELOCITY":18,"METERS":3288,"OPD-DATE":"07-Feb-2020"},
{"EVENT-NO-TRIP":384034,"VELOCITY":5,"METERS":1107,"OPD-DATE":"13-Aug-2020"},
{"EVENT-NO-TRIP":95620,"VELOCITY":22,"METERS":1566,"OPD-DATE":"22-May-2020"},
{"EVENT-NO-TRIP":366715,"VELOCITY":15,"METERS":3925,"OPD-DATE":"20-Sep-2020"},
{"EVENT-NO-TRIP":117198,"VELOCITY":35,"METERS":3853,"OPD-DATE":"19-Apr-2020"},
{"EVENT-NO-TRIP":436108,"VELOCITY":33,"METERS":4485,"OPD-DATE":"13-Nov-2020"},
{"EVENT-NO-TRIP":11593,"VELOCITY":36,"METERS":4582,"OPD-DATE":"18-Aug-2020"},
{"EVENT-NO-TRIP":406650,"VELOCITY":17,"METERS":167,"OPD-DATE":"26-Jun-2020"},
{"EVENT-NO-TRIP":117005,"VELOCITY":1,"METERS":2864,"OPD-DATE":"24-Dec-2020"},
{"EVENT-NO-TRIP":192523,"VELOCITY":23,"METERS":836,"OPD-DATE":"17-Feb-2020"},
{"EVENT-NO-TRIP":405175,"VELOCITY":37,"METERS":2027,"OPD-DATE":"18-Jun-2020"},
{"EVENT-NO-TRIP":78307,"VELOCITY":44,"METERS":691,"OPD-DATE":"13-Oct-2020"},
{"EVENT-NO-TRIP":137347,"VELOCITY":22,"METERS":1059,"OPD-DATE":"05-Dec-2020"},
{"EVENT-NO-TRIP":380589,"VELOCITY":48,"METERS":1285,"OPD-DATE":"07-Nov-2020"},
{"EVENT-NO-TRIP":115601,"VELOCITY":7,"METERS":1304,"OPD-DATE":"28-Aug-2020"},
{"EVENT-NO-TRIP":287772,"VELOCITY":12,"METERS":3386,"OPD-DATE":"22-Mar-2020"},
{"EVENT-NO-TRIP":409708,"VELOCITY":11,"METERS":3649,"OPD-DATE":"31-Jul-2020"},
{"EVENT-NO-TRIP":352554,"VELOCITY":4,"METERS":4071,"OPD-DATE":"13-May-2020"},
{"EVENT-NO-TRIP":368240,"VELOCITY":36,"METERS":2237,"OPD-DATE":"18-Mar-2020"},
{"EVENT-NO-TRIP":165466,"VELOCITY":11,"METERS":4682,"OPD-DATE":"16-Nov-2020"},
{"EVENT-NO-TRIP":344938,"VELOCITY":23,"METERS":1673,"OPD-DATE":"16-Aug-2020"},
{"EVENT-NO-TRIP":40785,"VELOCITY":30,"METERS":3772,"OPD-DATE":"01-Feb-2020"},
{"EVENT-NO-TRIP":340453,"VELOCITY":8,"METERS":2632,"OPD-DATE":"17-Jun-2020"},
{"EVENT-NO-TRIP":163539,"VELOCITY":22,"METERS":1176,"OPD-DATE":"14-Oct-2020"},
{"EVENT-NO-TRIP":348312,"VELOCITY":36,"METERS":2159,"OPD-DATE":"05-Oct-2020"},
{"EVENT-NO-TRIP":249403,"VELOCITY":33,"METERS":4891,"OPD-DATE":"19-Feb-2020"},
{"EVENT-NO-TRIP":173652,"VELOCITY":42,"METERS":1405,"OPD-DATE":"19-Apr-2020"},
{"EVENT-NO-TRIP":411454,"VELOCITY":3,"METERS":969,"OPD-DATE":"10-Mar-2020"},
{"EVENT-NO-TRIP":59149,"VELOCITY":50,"METERS":3577,"OPD-DATE":"03-Oct-2020"},
{"EVENT-NO-TRIP":400565,"VELOCITY":45,"METERS":1276,"OPD-DATE":"07-May-2020"},
{"EVENT-NO-TRIP":201943,"VELOCITY":18,"METERS":1272,"OPD-DATE":"20-Oct-2020"},
{"EVENT-NO-TRIP":100303,"VELOCITY":3,"METERS":1092,"OPD-DATE":"29-Feb-2020"},
{"EVENT-NO-TRIP":165614,"VELOCITY":9,"METERS":3761,"OPD-DATE":"21-Aug-2020"},
{"EVENT-NO-TRIP":61213,"VELOCITY":41,"METERS":4129,"OPD-DATE":"28-Dec-2020"},
{"EVENT-NO-TRIP":52750,"VELOCITY":23,"METERS":4334,"OPD-DATE":"22-May-2020"},
{"EVENT-NO-TRIP":328670,"VELOCITY":14,"METERS":2709,"OPD-DATE":"22-Jul-2020"},
{"EVENT-NO-TRIP":205569,"VELOCITY":9,"METERS":2068,"OPD-DATE":"18-Sep-2020"},
{"EVENT-NO-TRIP":418674,"VELOCITY":23,"METERS":4742,"OPD-DATE":"25-Mar-2020"},
{"EVENT-NO-TRIP":355251,"VELOCITY":33,"METERS":2434,"OPD-DATE":"02-Mar-2020"},
{"EVENT-NO-TRIP":214736,"VELOCITY":43,"METERS":3155,"OPD-DATE":"14-Nov-2020"},
{"EVENT-NO-TRIP":290715,"VELOCITY":39,"METERS":3595,"OPD-DATE":"30-Aug-2020"},
{"EVENT-NO-TRIP":81184,"VELOCITY":18,"METERS":3846,"OPD-DATE":"23-Sep-2020"},
{"EVENT-NO-TRIP":332712,"VELOCITY":41,"METERS":2587,"OPD-DATE":"16-Nov-2020"},
{"EVENT-NO-TRIP":497889,"VELOCITY":2,"METERS":1229,"OPD-DATE":"11-Aug-2020"},
{"EVENT-NO-TRIP":325730,"VELOCITY":9,"METERS":2482,"OPD-DATE":"19-Feb-2020"},
{"EVENT-NO-TRIP":409208,"VELOCITY":23,"METERS":1989,"OPD-DATE":"29-Sep-2020"},
{"EVENT-NO-TRIP":283888,"VELOCITY":33,"METERS":868,"OPD-DATE":"11-Aug-2020"},
{"EVENT-NO-TRIP":296955,"VELOCITY":25,"METERS":2886,"OPD-DATE":"27-May-2020"},
{"EVENT-NO-TRIP":200183,"VELOCITY":20,"METERS":1588,"OPD-DATE":"16-Jun-2020"},
{"EVENT-NO-TRIP":91647,"VELOCITY":3,"METERS":2738,"OPD-DATE":"10-Oct-2020"},
{"EVENT-NO-TRIP":439666,"VELOCITY":11,"METERS":1957,"OPD-DATE":"06-Mar-2020"},
{"EVENT-NO-TRIP":70416,"VELOCITY":48,"METERS":1449,"OPD-DATE":"26-Mar-2020"},
{"EVENT-NO-TRIP":177870,"VELOCITY":29,"METERS":1185,"OPD-DATE":"02-Aug-2020"},
{"EVENT-NO-TRIP":112302,"VELOCITY":16,"METERS":3160,"OPD-DATE":"23-Dec-2020"},
{"EVENT-NO-TRIP":170964,"VELOCITY":7,"METERS":2158,"OPD-DATE":"21-Jul-2020"},
{"EVENT-NO-TRIP":128382,"VELOCITY":41,"METERS":4242,"OPD-DATE":"05-Dec-2020"},
{"EVENT-NO-TRIP":476187,"VELOCITY":35,"METERS":3101,"OPD-DATE":"17-Jun-2020"},
{"EVENT-NO-TRIP":251135,"VELOCITY":4,"METERS":3665,"OPD-DATE":"01-Feb-2020"},
{"EVENT-NO-TRIP":26873,"VELOCITY":41,"METERS":4048,"OPD-DATE":"21-Aug-2020"},
{"EVENT-NO-TRIP":264766,"VELOCITY":10,"METERS":2771,"OPD-DATE":"08-Jul-2020"},
{"EVENT-NO-TRIP":499874,"VELOCITY":24,"METERS":1189,"OPD-DATE":"30-Aug-2020"},
{"EVENT-NO-TRIP":27167,"VELOCITY":28,"METERS":1229,"OPD-DATE":"26-Nov-2020"},
{"EVENT-NO-TRIP":200659,"VELOCITY":3,"METERS":4798,"OPD-DATE":"02-Dec-2020"},
{"EVENT-NO-TRIP":1474,"VELOCITY":44,"METERS":1747,"OPD-DATE":"08-Jan-2021"},
{"EVENT-NO-TRIP":453140,"VELOCITY":8,"METERS":2520,"OPD-DATE":"22-Mar-2020"},
{"EVENT-NO-TRIP":255619,"VELOCITY":41,"METERS":2828,"OPD-DATE":"11-Jun-2020"},
{"EVENT-NO-TRIP":293243,"VELOCITY":40,"METERS":4455,"OPD-DATE":"17-Oct-2020"},
{"EVENT-NO-TRIP":95375,"VELOCITY":37,"METERS":867,"OPD-DATE":"09-May-2020"},
{"EVENT-NO-TRIP":82055,"VELOCITY":22,"METERS":4688,"OPD-DATE":"22-Oct-2020"},
{"EVENT-NO-TRIP":41873,"VELOCITY":2,"METERS":2162,"OPD-DATE":"08-Aug-2020"},
{"EVENT-NO-TRIP":436096,"VELOCITY":10,"METERS":1729,"OPD-DATE":"04-Sep-2020"},
{"EVENT-NO-TRIP":465711,"VELOCITY":45,"METERS":4996,"OPD-DATE":"16-Mar-2020"},
{"EVENT-NO-TRIP":261375,"VELOCITY":2,"METERS":3454,"OPD-DATE":"07-Aug-2020"},
{"EVENT-NO-TRIP":334422,"VELOCITY":7,"METERS":3218,"OPD-DATE":"28-Mar-2020"},
{"EVENT-NO-TRIP":231773,"VELOCITY":21,"METERS":2375,"OPD-DATE":"16-Jul-2020"},
{"EVENT-NO-TRIP":249740,"VELOCITY":22,"METERS":3649,"OPD-DATE":"13-Aug-2020"},
{"EVENT-NO-TRIP":444057,"VELOCITY":22,"METERS":4998,"OPD-DATE":"08-Dec-2020"},
{"EVENT-NO-TRIP":302123,"VELOCITY":8,"METERS":3698,"OPD-DATE":"31-Jan-2020"},
{"EVENT-NO-TRIP":186911,"VELOCITY":14,"METERS":101,"OPD-DATE":"16-Jul-2020"},
{"EVENT-NO-TRIP":316136,"VELOCITY":30,"METERS":939,"OPD-DATE":"18-May-2020"},
{"EVENT-NO-TRIP":447589,"VELOCITY":43,"METERS":2713,"OPD-DATE":"12-Aug-2020"},
{"EVENT-NO-TRIP":339388,"VELOCITY":35,"METERS":4373,"OPD-DATE":"10-Sep-2020"},
{"EVENT-NO-TRIP":219618,"VELOCITY":45,"METERS":4778,"OPD-DATE":"16-Jun-2020"},
{"EVENT-NO-TRIP":76875,"VELOCITY":14,"METERS":4361,"OPD-DATE":"25-Oct-2020"},
{"EVENT-NO-TRIP":258652,"VELOCITY":31,"METERS":1276,"OPD-DATE":"12-Dec-2020"},
{"EVENT-NO-TRIP":57944,"VELOCITY":2,"METERS":2016,"OPD-DATE":"06-Jan-2021"},
{"EVENT-NO-TRIP":407697,"VELOCITY":12,"METERS":2205,"OPD-DATE":"22-Sep-2020"},
{"EVENT-NO-TRIP":208661,"VELOCITY":16,"METERS":571,"OPD-DATE":"24-Mar-2020"},
{"EVENT-NO-TRIP":289205,"VELOCITY":38,"METERS":2613,"OPD-DATE":"27-Apr-2020"},
{"EVENT-NO-TRIP":483730,"VELOCITY":46,"METERS":4068,"OPD-DATE":"13-Apr-2020"},
{"EVENT-NO-TRIP":114000,"VELOCITY":3,"METERS":961,"OPD-DATE":"06-May-2020"},
{"EVENT-NO-TRIP":490460,"VELOCITY":34,"METERS":2639,"OPD-DATE":"12-Sep-2020"},
{"EVENT-NO-TRIP":319521,"VELOCITY":6,"METERS":369,"OPD-DATE":"07-Jun-2020"},
{"EVENT-NO-TRIP":241370,"VELOCITY":8,"METERS":4093,"OPD-DATE":"19-Mar-2020"},
{"EVENT-NO-TRIP":187411,"VELOCITY":45,"METERS":4816,"OPD-DATE":"27-Jan-2020"},
{"EVENT-NO-TRIP":257190,"VELOCITY":6,"METERS":3663,"OPD-DATE":"23-Aug-2020"},
{"EVENT-NO-TRIP":101183,"VELOCITY":6,"METERS":228,"OPD-DATE":"16-Jan-2021"},
{"EVENT-NO-TRIP":480535,"VELOCITY":16,"METERS":981,"OPD-DATE":"15-Jun-2020"},
{"EVENT-NO-TRIP":165720,"VELOCITY":50,"METERS":4918,"OPD-DATE":"08-Mar-2020"},
{"EVENT-NO-TRIP":222926,"VELOCITY":20,"METERS":972,"OPD-DATE":"20-Apr-2020"},
{"EVENT-NO-TRIP":137886,"VELOCITY":36,"METERS":1984,"OPD-DATE":"30-Nov-2020"},
{"EVENT-NO-TRIP":130427,"VELOCITY":13,"METERS":2545,"OPD-DATE":"14-May-2020"},
{"EVENT-NO-TRIP":12478,"VELOCITY":18,"METERS":4756,"OPD-DATE":"08-May-2020"},
{"EVENT-NO-TRIP":37289,"VELOCITY":34,"METERS":345,"OPD-DATE":"13-Nov-2020"},
{"EVENT-NO-TRIP":244921,"VELOCITY":48,"METERS":167,"OPD-DATE":"22-Mar-2020"},
{"EVENT-NO-TRIP":243822,"VELOCITY":14,"METERS":2684,"OPD-DATE":"01-Jan-2021"},
{"EVENT-NO-TRIP":185635,"VELOCITY":16,"METERS":1770,"OPD-DATE":"07-May-2020"},
{"EVENT-NO-TRIP":65444,"VELOCITY":14,"METERS":4270,"OPD-DATE":"16-Dec-2020"},
{"EVENT-NO-TRIP":471015,"VELOCITY":6,"METERS":4237,"OPD-DATE":"22-Aug-2020"},
{"EVENT-NO-TRIP":191129,"VELOCITY":39,"METERS":3366,"OPD-DATE":"08-Oct-2020"},
{"EVENT-NO-TRIP":276059,"VELOCITY":33,"METERS":415,"OPD-DATE":"25-Oct-2020"},
{"EVENT-NO-TRIP":255990,"VELOCITY":44,"METERS":2390,"OPD-DATE":"14-Aug-2020"},
{"EVENT-NO-TRIP":97340,"VELOCITY":18,"METERS":2249,"OPD-DATE":"20-Nov-2020"},
{"EVENT-NO-TRIP":169336,"VELOCITY":48,"METERS":4743,"OPD-DATE":"04-Jun-2020"},
{"EVENT-NO-TRIP":31000,"VELOCITY":22,"METERS":4309,"OPD-DATE":"13-Dec-2020"},
{"EVENT-NO-TRIP":221408,"VELOCITY":39,"METERS":216,"OPD-DATE":"11-Apr-2020"},
{"EVENT-NO-TRIP":51202,"VELOCITY":25,"METERS":1848,"OPD-DATE":"27-Nov-2020"},
{"EVENT-NO-TRIP":216848,"VELOCITY":31,"METERS":1852,"OPD-DATE":"31-Dec-2020"},
{"EVENT-NO-TRIP":65112,"VELOCITY":10,"METERS":2320,"OPD-DATE":"20-Apr-2020"},
{"EVENT-NO-TRIP":20078,"VELOCITY":30,"METERS":2175,"OPD-DATE":"30-Oct-2020"},
{"EVENT-NO-TRIP":174035,"VELOCITY":19,"METERS":3551,"OPD-DATE":"02-Feb-2020"},
{"EVENT-NO-TRIP":15395,"VELOCITY":25,"METERS":696,"OPD-DATE":"28-Jan-2020"},
{"EVENT-NO-TRIP":453337,"VELOCITY":33,"METERS":4178,"OPD-DATE":"01-Apr-2020"},
{"EVENT-NO-TRIP":128525,"VELOCITY":42,"METERS":1730,"OPD-DATE":"03-Nov-2020"},
{"EVENT-NO-TRIP":389508,"VELOCITY":38,"METERS":4279,"OPD-DATE":"22-Mar-2020"},
{"EVENT-NO-TRIP":298512,"VELOCITY":47,"METERS":856,"OPD-DATE":"08-Apr-2020"},
{"EVENT-NO-TRIP":84744,"VELOCITY":2,"METERS":3909,"OPD-DATE":"09-Nov-2020"},
{"EVENT-NO-TRIP":381865,"VELOCITY":32,"METERS":3545,"OPD-DATE":"14-Nov-2020"},
{"EVENT-NO-TRIP":345195,"VELOCITY":32,"METERS":624,"OPD-DATE":"24-May-2020"},
{"EVENT-NO-TRIP":312452,"VELOCITY":34,"METERS":1076,"OPD-DATE":"22-Sep-2020"},
{"EVENT-NO-TRIP":182780,"VELOCITY":22,"METERS":3121,"OPD-DATE":"17-Jul-2020"},
{"EVENT-NO-TRIP":373315,"VELOCITY":5,"METERS":1697,"OPD-DATE":"04-Mar-2020"},
{"EVENT-NO-TRIP":109038,"VELOCITY":41,"METERS":74,"OPD-DATE":"06-Apr-2020"},
{"EVENT-NO-TRIP":403842,"VELOCITY":48,"METERS":2887,"OPD-DATE":"09-Jul-2020"},
{"EVENT-NO-TRIP":54573,"VELOCITY":3,"METERS":3405,"OPD-DATE":"03-Jul-2020"},
{"EVENT-NO-TRIP":227850,"VELOCITY":34,"METERS":3602,"OPD-DATE":"12-Mar-2020"},
{"EVENT-NO-TRIP":391871,"VELOCITY":10,"METERS":837,"OPD-DATE":"29-Nov-2020"},
{"EVENT-NO-TRIP":484678,"VELOCITY":22,"METERS":2270,"OPD-DATE":"30-Mar-2020"},
{"EVENT-NO-TRIP":384471,"VELOCITY":37,"METERS":3191,"OPD-DATE":"10-Aug-2020"},
{"EVENT-NO-TRIP":423753,"VELOCITY":21,"METERS":3362,"OPD-DATE":"26-Sep-2020"},
{"EVENT-NO-TRIP":324991,"VELOCITY":45,"METERS":2044,"OPD-DATE":"16-Feb-2020"}]
